customer_id,first_name,Email,loyalty_status,total_loyalty_points,last_purchase_date,segment_id,customer_phone,customer_since
1,Steven,fbell@example.net,Silver,1051,2025-03-28,Standard,6208777656740,2024-07-05
2,David,april68@example.com,Platinum,4503,2025-02-11,Standard,4462450104635,2022-01-14
3,Johnny,ljensen@example.com,Silver,2171,2025-02-15,Standard,0621703351917,2024-09-02
4,Erin,robert25@example.com,Platinum,1735,2025-02-19,Standard,8921074599383,2021-08-20
5,Jessica,benjaminwalton@example.com,Silver,2553,2025-06-23,Standard,4713415416137,2021-11-21
6,Dana,jessicahicks@example.org,Platinum,3059,2025-02-19,Standard,0416191154044,2024-12-13
7,Stephanie,sydneyrios@example.net,Platinum,4239,2025-06-24,Standard,3328736416630,2023-10-23
8,Brianna,upham@example.org,Platinum,991,2025-03-04,Standard,8953892286531,2025-02-16
9,Luke,fwright@example.net,Silver,1840,2025-05-12,Standard,5783332132899,2024-11-16
10,Natalie,jacqueline39@example.net,Bronze,2769,2025-05-14,Standard,7928019986945,2021-09-14
11,Carl,nbrown@example.net,Bronze,4819,2025-03-31,Standard,9601370971850,2024-04-02
12,David,pearsontodd@example.net,Silver,4820,2025-03-17,Standard,0418969801674,2024-08-28
13,Susan,ebarr@example.net,Silver,58,2025-04-01,Standard,0674995390651,2023-05-27
14,Alan,brian37@example.net,Bronze,482,2025-06-14,Standard,2715408874824,2022-03-25
15,Whitney,joshuamueller@example.com,Silver,552,2025-03-10,Standard,1941152269538,2022-03-01
16,Laura,walkerjerry@example.org,Bronze,2706,2025-04-22,Standard,7788669839094,2021-07-13
17,Savannah,thomasandrews@example.net,Bronze,4211,2025-06-09,Standard,2058232726289,2024-03-25
18,Sandra,carla17@example.net,Silver,2281,2025-04-13,Standard,4199994799694,2021-07-19
19,Raven,gregoryreese@example.com,Platinum,1755,2025-06-09,Standard,0596484193899,2021-12-24
20,Nicole,jennifer67@example.com,Silver,4677,2025-03-25,Standard,5224468752326,2021-10-24
21,Nancy,lee03@example.org,Platinum,1990,2025-05-27,Standard,3766824476438,2021-09-17
22,Amanda,stacey13@example.com,Platinum,3334,2025-05-31,Standard,1622152338218,2022-03-03
23,Gloria,wsmith@example.net,Silver,772,2025-05-14,Standard,4052221692078,2024-12-01
24,Richard,lcummings@example.net,Bronze,3531,2025-05-06,Standard,9360312285300,2025-03-27
25,Lori,wrightsandra@example.com,Gold,3469,2025-02-24,Standard,6446469964510,2024-01-23
26,James,amccormick@example.org,Platinum,3825,2025-02-13,Standard,3750507522665,2023-06-24
27,Amy,espinozavanessa@example.com,Bronze,806,2025-02-11,Standard,9484421344002,2022-03-12
28,Robert,davidmoses@example.com,Bronze,3298,2025-06-22,Standard,8798040890552,2023-05-06
29,Patricia,michael22@example.org,Gold,895,2025-04-19,Standard,3162735001194,2021-10-05
30,Derrick,suttonmelissa@example.net,Silver,1569,2025-06-07,Standard,9327121219249,2022-10-21
31,Michael,lbell@example.com,Silver,4393,2025-03-27,Standard,5644057370165,2021-03-10
32,Laura,brian41@example.net,Platinum,1148,2025-06-02,Standard,4502636337818,2021-10-11
33,Heather,bmeadows@example.net,Platinum,1503,2025-03-25,Standard,4139400396287,2024-01-13
34,Jennifer,tylertaylor@example.net,Gold,3789,2025-02-22,Standard,4019487447087,2023-10-05
35,William,angelica80@example.com,Silver,617,2025-03-05,Standard,1321063620171,2022-02-08
36,Travis,castillotyrone@example.org,Platinum,4508,2025-03-07,Standard,5582458720873,2022-05-17
37,Anthony,kristina87@example.org,Bronze,414,2025-06-14,Standard,9203577654505,2021-06-07
38,Matthew,omarrobinson@example.com,Bronze,764,2025-05-23,Standard,5970168662160,2024-12-29
39,Angel,campbellcolin@example.net,Silver,1362,2025-04-19,Standard,4802927296357,2024-04-09
40,Joseph,marthaacosta@example.net,Platinum,3978,2025-03-24,Standard,9957642918661,2024-08-19
41,Cameron,sara34@example.org,Platinum,1751,2025-06-06,Standard,6052644627936,2022-01-29
42,Heather,vbrown@example.com,Platinum,480,2025-02-12,Standard,4053563878816,2021-02-21
43,Connie,debra55@example.org,Silver,3104,2025-03-04,Standard,1743126136901,2022-10-18
44,Margaret,kcastillo@example.com,Bronze,3198,2025-06-16,Standard,6133293615175,2021-04-13
45,Edward,loconnor@example.net,Gold,3727,2025-06-28,Standard,6384296081660,2024-04-02
46,Sandra,hyork@example.com,Gold,3465,2025-03-22,Standard,7932266884414,2021-10-30
47,Joyce,jenniferbaker@example.org,Platinum,1268,2025-04-15,Standard,9930145324091,2024-01-19
48,Justin,cookjared@example.com,Silver,2430,2025-04-22,Standard,9574310970244,2023-04-27
49,Claudia,marie20@example.org,Silver,479,2025-03-21,Standard,5924575793903,2022-04-20
50,Joshua,cunninghamsarah@example.net,Bronze,2569,2025-03-27,Standard,2365271712196,2023-10-04
51,Jason,woodwardkathleen@example.org,Bronze,410,2025-03-09,Standard,2431722818559,2022-09-26
52,James,teresaowens@example.org,Platinum,4119,2025-03-06,Standard,8625947976009,2024-05-06
53,Brenda,uwatts@example.org,Silver,465,2025-04-12,Standard,4685250734096,2022-12-17
54,Jessica,qsnyder@example.com,Bronze,1522,2025-05-21,Standard,8389657212671,2022-05-02
55,Timothy,fprice@example.org,Bronze,4874,2025-04-17,Standard,9451968796914,2024-05-02
56,Brent,shanecannon@example.net,Bronze,1926,2025-04-01,Standard,1849655038672,2024-12-05
57,Timothy,johnbeard@example.net,Platinum,982,2025-04-15,Standard,5178642003941,2024-02-26
58,Edward,wilsonsusan@example.net,Silver,4742,2025-05-18,Standard,2826026845424,2022-10-13
59,Krista,dshaw@example.com,Bronze,671,2025-06-07,Standard,6695639306655,2021-03-10
60,Tina,wmarshall@example.org,Platinum,4781,2025-05-14,Standard,5741460468387,2025-05-09
61,Brandi,lboyle@example.com,Gold,2136,2025-06-16,Standard,8634286882969,2021-06-12
62,Anthony,destiny49@example.com,Silver,2573,2025-03-23,Standard,9583222374713,2024-12-01
63,Melissa,nelsondiamond@example.com,Silver,2175,2025-02-27,Standard,9894670723864,2021-02-07
64,Jennifer,zjoseph@example.org,Platinum,1072,2025-04-18,Standard,6799578819291,2022-05-23
65,Kathy,adam37@example.org,Gold,3745,2025-05-23,Standard,0330502175393,2024-08-01
66,Lisa,raymondbowman@example.net,Gold,594,2025-05-20,Standard,1370482777540,2024-05-22
67,Sarah,thomas00@example.org,Bronze,3754,2025-03-23,Standard,3865064029959,2023-07-10
68,Tyler,xjones@example.com,Bronze,600,2025-06-28,Standard,2615494233359,2021-03-07
69,Ruth,charlesmichael@example.org,Silver,4144,2025-05-01,Standard,6428457340073,2025-03-23
70,Emily,xnguyen@example.com,Gold,1085,2025-03-20,Standard,0084843955440,2025-01-04
71,Krista,sclay@example.net,Gold,563,2025-06-05,Standard,5631598249991,2023-09-08
72,Luis,xfisher@example.net,Silver,3027,2025-03-15,Standard,4737890870283,2021-06-22
73,Christopher,lyonslisa@example.org,Gold,1292,2025-04-21,Standard,9661008275328,2023-01-31
74,Cole,hspears@example.org,Platinum,4450,2025-04-15,Standard,0527160110796,2024-04-14
75,Jay,jennifer96@example.net,Gold,4333,2025-03-11,Standard,5736032604008,2022-08-10
76,Scott,youngronald@example.com,Bronze,4543,2025-05-25,Standard,5980506507025,2022-05-30
77,Brittany,harringtonaaron@example.com,Gold,848,2025-05-28,Standard,8925504376032,2023-05-14
78,Jared,mwolfe@example.org,Silver,2166,2025-05-27,Standard,7899868479928,2023-10-07
79,Jake,laura11@example.org,Bronze,876,2025-04-01,Standard,4986009255209,2021-10-23
80,Emily,xwest@example.org,Silver,2231,2025-05-29,Standard,4130952591193,2025-04-11
81,Colleen,johnsonsteven@example.com,Gold,4954,2025-03-11,Standard,0680174357508,2024-12-20
82,Melissa,angelasmith@example.com,Silver,2808,2025-04-26,Standard,7345984671894,2022-11-11
83,Jessica,michaelramirez@example.com,Silver,2162,2025-03-10,Standard,7604150951009,2021-12-06
84,Lance,taylor67@example.org,Platinum,2057,2025-06-22,Standard,1200610500044,2025-01-05
85,Jeffrey,cathybauer@example.net,Bronze,756,2025-04-01,Standard,9128582266209,2025-03-20
86,Mark,hendersonkevin@example.net,Platinum,2266,2025-05-02,Standard,2332169602122,2025-04-26
87,Wendy,mercerjack@example.org,Bronze,29,2025-04-13,Standard,2887141882954,2021-08-31
88,Scott,peckamy@example.net,Gold,1071,2025-04-14,Standard,9310896046349,2021-10-29
89,Carrie,ronaldbradford@example.net,Gold,1323,2025-04-21,Standard,1214534468430,2022-12-09
90,Pamela,bob48@example.org,Platinum,4519,2025-06-29,Standard,2641284035720,2022-03-16
91,Kelly,garyfuller@example.org,Platinum,4594,2025-06-25,Standard,8821525820515,2023-02-24
92,Eric,ypetty@example.net,Bronze,916,2025-04-28,Standard,8590592092009,2022-09-12
93,David,tannerchristopher@example.org,Bronze,1221,2025-02-20,Standard,4558362265122,2024-07-18
94,Amanda,howardsean@example.com,Bronze,3024,2025-03-16,Standard,8553480072138,2022-05-12
95,Heather,emily59@example.com,Silver,3520,2025-06-29,Standard,0831220260159,2022-04-19
96,James,alyssa17@example.net,Silver,342,2025-06-25,Standard,9652692075837,2022-11-24
97,Donna,nicholasbrown@example.com,Gold,2987,2025-03-06,Standard,0782364129861,2022-12-06
98,Charlotte,nburton@example.net,Bronze,2931,2025-06-23,Standard,8111317220422,2024-09-23
99,Samantha,mariah18@example.net,Silver,2044,2025-04-02,Standard,9872387290088,2021-12-20
100,Melinda,bmartinez@example.net,Bronze,2897,2025-02-15,Standard,5368435873268,2022-05-02
101,Russell,umeyer@example.org,Platinum,1266,2025-04-30,Standard,5153398148629,2023-12-14
102,Stephanie,vsilva@example.com,Silver,1331,2025-03-12,Standard,6782270838899,2022-11-14
103,Stephanie,danielcourtney@example.org,Silver,3377,2025-02-05,Standard,3850524406304,2024-12-05
104,Marc,jaimethomas@example.com,Bronze,1469,2025-03-20,Standard,3518525176270,2023-08-14
105,Richard,sharon48@example.org,Gold,3372,2025-06-26,Standard,3267380429721,2024-03-01
106,Gabriel,fostermargaret@example.org,Silver,2185,2025-04-13,Standard,5332915296790,2021-02-19
107,Jessica,powellmorgan@example.net,Silver,885,2025-05-19,Standard,1350356415860,2021-09-19
108,Brittany,gregorynorman@example.com,Platinum,317,2025-06-11,Standard,6468784724462,2022-02-08
109,Anna,reyesrachel@example.com,Platinum,1822,2025-05-07,Standard,6049976359244,2023-01-06
110,Brian,billymartinez@example.net,Silver,3770,2025-04-03,Standard,6771547284013,2021-07-19
111,Zachary,martindiane@example.org,Gold,2500,2025-05-01,Standard,8893011072684,2023-03-07
112,Timothy,david87@example.net,Silver,1826,2025-04-10,Standard,9543666557416,2023-04-19
113,Juan,xwilliams@example.net,Bronze,1582,2025-04-19,Standard,7477394039239,2024-08-05
114,Ivan,edward43@example.net,Platinum,2689,2025-05-06,Standard,0201353637855,2023-05-26
115,Emily,clarkolivia@example.com,Gold,568,2025-03-26,Standard,7378786134870,2024-12-26
116,Michael,richardchambers@example.org,Gold,2876,2025-05-06,Standard,0015030996905,2024-10-26
117,Raymond,tbrown@example.org,Platinum,4392,2025-05-04,Standard,7499257436573,2023-11-13
118,Allen,vcuevas@example.com,Gold,226,2025-04-05,Standard,6459203121644,2022-04-30
119,James,mhenderson@example.net,Bronze,2139,2025-04-10,Standard,3055106758394,2024-12-19
120,Jennifer,ashleybarber@example.net,Silver,4756,2025-03-26,Standard,8114944460752,2024-01-21
121,Erik,darrenwhite@example.net,Gold,313,2025-06-10,Standard,6782996737354,2022-09-27
122,Rachel,pscott@example.org,Bronze,4887,2025-03-05,Standard,7901145360531,2023-11-07
123,Kristen,jeffreyking@example.com,Platinum,2831,2025-03-22,Standard,1924250752339,2021-09-11
124,Jean,jonesmichael@example.org,Gold,3574,2025-03-13,Standard,8259885411188,2023-03-22
125,Kristen,perezkatherine@example.com,Bronze,3155,2025-02-20,Standard,2787857015293,2021-08-22
126,Amber,sweeneysarah@example.net,Silver,2086,2025-05-29,Standard,8277306935399,2024-10-26
127,Thomas,ghughes@example.net,Bronze,3572,2025-06-13,Standard,9136850948568,2023-11-05
128,Garrett,smithlance@example.com,Bronze,4259,2025-04-04,Standard,1794597045909,2024-03-15
129,Timothy,kellythompson@example.org,Silver,2983,2025-04-24,Standard,7585119087935,2021-07-30
130,Carla,danny77@example.net,Platinum,573,2025-02-09,Standard,4876240253232,2023-09-10
131,Daryl,iward@example.com,Gold,2571,2025-05-12,Standard,3270886423847,2021-05-29
132,Claudia,uhenderson@example.com,Bronze,2460,2025-03-19,Standard,1730386527836,2022-01-11
133,Veronica,wkennedy@example.net,Gold,3345,2025-04-18,Standard,7666975343534,2024-12-28
134,Peter,vmooney@example.net,Gold,3296,2025-03-19,Standard,1798455776597,2022-02-26
135,Jacqueline,gonzalessamantha@example.net,Gold,4541,2025-05-06,Standard,8983730235745,2023-09-07
136,Pamela,harrislee@example.com,Silver,1571,2025-05-18,Standard,5880606011853,2023-10-22
137,Michael,huynhjoshua@example.org,Platinum,3105,2025-03-31,Standard,1677718789682,2022-01-19
138,David,mkim@example.net,Silver,4662,2025-02-20,Standard,4313936800779,2021-12-04
139,Jonathan,eric55@example.org,Gold,3326,2025-06-05,Standard,4235054364197,2024-07-08
140,Douglas,melinda52@example.org,Bronze,2489,2025-05-05,Standard,6670318560091,2022-06-17
141,James,murraykimberly@example.com,Gold,1721,2025-04-02,Standard,9484202554403,2022-05-03
142,Autumn,justinjones@example.net,Platinum,4751,2025-03-02,Standard,9169076451164,2024-07-20
143,Matthew,vazquezmax@example.org,Gold,3809,2025-02-23,Standard,4888275948726,2024-03-14
144,Gabriel,anna15@example.com,Platinum,3622,2025-05-01,Standard,1040781153742,2022-02-21
145,Gene,sharonharrell@example.org,Silver,4187,2025-03-25,Standard,1276222333496,2024-11-27
146,Eric,clarkcarla@example.org,Platinum,1390,2025-02-14,Standard,6521280021539,2022-08-19
147,Ashley,smithbrian@example.net,Bronze,2324,2025-05-23,Standard,8168106142973,2022-07-28
148,Mark,sherylmoore@example.net,Gold,765,2025-06-13,Standard,6554454690994,2022-12-20
149,Eileen,andrewford@example.org,Silver,2542,2025-03-03,Standard,4590115825141,2023-03-20
150,Bradley,taylortina@example.net,Silver,1631,2025-05-12,Standard,8343528523184,2024-08-06
151,Phillip,rowedeborah@example.org,Silver,200,2025-03-05,Standard,5024756347620,2022-03-07
152,Daniel,thomascharles@example.org,Bronze,2005,2025-06-13,Standard,8243475945824,2024-01-15
153,Isabella,deanna85@example.net,Platinum,596,2025-04-25,Standard,7921900412861,2023-03-11
154,Elizabeth,jane26@example.net,Platinum,3395,2025-04-09,Standard,4739130018716,2022-09-25
155,Linda,craigthomas@example.org,Silver,3145,2025-05-03,Standard,9432313056652,2023-09-07
156,John,erikamorgan@example.com,Platinum,3273,2025-06-07,Standard,5179655381172,2022-09-11
157,David,dawnthornton@example.org,Silver,1208,2025-06-26,Standard,2332711796675,2022-02-14
158,Nancy,daviesgregory@example.org,Bronze,873,2025-02-17,Standard,3752861669935,2021-12-31
159,Sandy,zmedina@example.org,Platinum,1792,2025-04-05,Standard,8051712606804,2023-07-28
160,Craig,francis35@example.net,Silver,4243,2025-06-27,Standard,8136218357744,2022-01-11
161,Erica,evillanueva@example.com,Platinum,411,2025-05-27,Standard,4475659318484,2024-09-21
162,Robert,laurie39@example.net,Silver,994,2025-05-29,Standard,3744566626536,2023-10-28
163,Michelle,brittney01@example.net,Platinum,1092,2025-02-19,Standard,6067330002707,2021-03-21
164,Joe,hailey65@example.com,Platinum,4351,2025-02-16,Standard,9775990207467,2025-01-03
165,David,hancockphillip@example.org,Gold,3625,2025-05-24,Standard,7175847248197,2022-08-17
166,Laurie,leachbrian@example.org,Platinum,4488,2025-03-06,Standard,2950044035272,2022-05-17
167,Kim,christopherbrown@example.org,Platinum,1303,2025-03-24,Standard,2890516907048,2024-11-18
168,Charles,bmoore@example.com,Platinum,3686,2025-03-12,Standard,1019502970566,2024-11-15
169,Bobby,mcknightlaura@example.net,Gold,2025,2025-04-08,Standard,3397495442619,2025-03-28
170,Mark,rachelhamilton@example.org,Gold,4270,2025-04-08,Standard,9946271118733,2024-03-22
171,Krista,gbell@example.net,Platinum,1959,2025-06-14,Standard,1306923532919,2021-11-10
172,Joshua,mitchellwagner@example.org,Gold,3603,2025-02-26,Standard,9156876126474,2022-02-22
173,Shelby,dale72@example.net,Bronze,2340,2025-04-30,Standard,2882888531483,2021-10-27
174,William,warrentammy@example.org,Silver,2225,2025-03-11,Standard,7828127295829,2023-03-10
175,Mackenzie,johnobrien@example.org,Gold,2619,2025-05-24,Standard,7787482959915,2021-12-15
176,Michael,brianmcknight@example.org,Bronze,1133,2025-04-13,Standard,2500207051288,2023-03-18
177,Nicolas,elizabethdavis@example.org,Silver,1894,2025-03-04,Standard,3801015615992,2022-08-29
178,Sarah,josephmcdonald@example.org,Platinum,1251,2025-04-29,Standard,4824407585162,2021-04-02
179,David,xcrane@example.net,Silver,526,2025-06-11,Standard,8927585521563,2023-08-30
180,Raymond,schwartzjason@example.org,Platinum,3339,2025-06-14,Standard,0562815122853,2023-03-09
181,Mallory,rjackson@example.com,Gold,4445,2025-02-17,Standard,7561733032025,2024-09-14
182,Julie,jacqueline38@example.net,Platinum,3406,2025-05-21,Standard,0497768561264,2024-12-05
183,Daniel,clarkeddie@example.org,Bronze,1694,2025-03-29,Standard,0605314431580,2022-08-15
184,Patrick,mjarvis@example.net,Platinum,3190,2025-05-17,Standard,5606934088022,2023-01-27
185,Molly,qsanchez@example.net,Bronze,4716,2025-02-22,Standard,1616019439130,2022-03-25
186,Alison,kenneth57@example.net,Platinum,3907,2025-05-16,Standard,3608076895540,2021-11-05
187,Thomas,matthew32@example.net,Bronze,2881,2025-06-29,Standard,3657052071739,2022-05-04
188,Sean,summersashley@example.org,Gold,3194,2025-06-28,Standard,2642988983127,2024-01-10
189,Joseph,kbrown@example.org,Platinum,4409,2025-03-30,Standard,9926488553775,2025-02-24
190,Chris,thompsonjoshua@example.net,Silver,3999,2025-05-10,Standard,1831913896233,2021-12-19
191,Russell,edwardsnicholas@example.com,Silver,2235,2025-05-09,Standard,3262092668796,2024-03-10
192,Jeffrey,caitlinshah@example.net,Platinum,3978,2025-04-19,Standard,7112418203806,2021-07-12
193,Robert,marvindelacruz@example.org,Bronze,3185,2025-04-10,Standard,3654837223101,2023-05-05
194,Nathan,esanchez@example.net,Gold,3312,2025-05-08,Standard,0916682333343,2025-02-17
195,Paula,harrisonkathryn@example.net,Silver,3828,2025-05-14,Standard,4980575803248,2023-10-29
196,Jacqueline,mendozaerika@example.com,Silver,4375,2025-02-08,Standard,6881104972258,2021-04-13
197,Jasmine,tonya20@example.net,Bronze,3227,2025-02-05,Standard,3901806358857,2023-03-03
198,Matthew,timothysloan@example.com,Bronze,687,2025-03-23,Standard,7409594209051,2024-05-18
199,Joseph,jhayes@example.com,Platinum,1111,2025-06-10,Standard,2870706827958,2025-04-29
200,Adam,cheryl19@example.net,Platinum,1488,2025-05-10,Standard,3613196094656,2024-11-06
201,William,ebarrett@example.com,Bronze,2131,2025-03-07,Standard,3321505109643,2021-10-17
202,William,michelle17@example.net,Platinum,2681,2025-02-25,Standard,1008641773164,2022-01-24
203,Tracy,xward@example.org,Silver,3724,2025-03-10,Standard,4467250483030,2021-12-24
204,Anthony,zacharydavis@example.net,Gold,2764,2025-04-06,Standard,7846596413633,2022-06-25
205,Sharon,perezbrian@example.com,Platinum,2279,2025-06-26,Standard,0640438687244,2021-05-27
206,Ryan,rodriguezjohn@example.net,Platinum,2066,2025-05-09,Standard,0682790794604,2024-03-14
207,Jennifer,sarahgrant@example.com,Bronze,3852,2025-05-07,Standard,9783917709727,2025-01-08
208,Jon,abell@example.net,Bronze,4418,2025-05-14,Standard,3243314323237,2025-05-08
209,Kimberly,robertwells@example.com,Bronze,2866,2025-06-21,Standard,9597357504963,2021-03-17
210,Amanda,josephdennis@example.com,Silver,562,2025-02-17,Standard,5235147115362,2024-07-19
211,Tanner,smithshawn@example.org,Bronze,254,2025-04-11,Standard,1941554698177,2024-08-06
212,Ann,umorris@example.com,Silver,1633,2025-06-17,Standard,2342448837317,2025-05-23
213,Jesse,williamsstacy@example.net,Bronze,1248,2025-04-27,Standard,5634585363683,2022-04-14
214,Sylvia,lopezpatricia@example.net,Silver,1034,2025-06-26,Standard,7770440615215,2024-12-21
215,Regina,kennethrodriguez@example.com,Platinum,937,2025-05-27,Standard,1660787626798,2022-12-27
216,Max,burnsdeborah@example.org,Silver,3809,2025-02-25,Standard,2533936053266,2023-08-12
217,Jeffrey,wsmith@example.net,Gold,3021,2025-02-10,Standard,2192475127983,2024-01-06
218,Kathryn,susandunn@example.net,Silver,4963,2025-03-31,Standard,0741909921850,2023-01-13
219,Virginia,cyoung@example.com,Bronze,1341,2025-04-19,Standard,2578815400652,2022-03-05
220,Kathleen,ashley81@example.com,Gold,885,2025-06-20,Standard,5733479807211,2022-04-13
221,William,rramirez@example.net,Bronze,2555,2025-03-16,Standard,6637115765170,2024-10-14
222,Jimmy,vparks@example.com,Platinum,3249,2025-02-14,Standard,1591325715361,2022-03-08
223,Jennifer,harry98@example.org,Silver,622,2025-04-21,Standard,4177529337479,2021-09-01
224,Cynthia,veronica34@example.org,Silver,834,2025-06-25,Standard,6146653728608,2025-06-05
225,Audrey,anthony60@example.com,Gold,4918,2025-04-29,Standard,5979089970861,2022-04-26
226,Valerie,joshuavelasquez@example.com,Bronze,4636,2025-06-23,Standard,2336095281505,2021-05-28
227,Adrienne,frank23@example.com,Bronze,2844,2025-02-04,Standard,3378032549696,2021-06-24
228,Melinda,steven46@example.org,Platinum,3035,2025-02-16,Standard,5784453694024,2022-10-30
229,Jasmine,chelseabrown@example.org,Bronze,4144,2025-05-10,Standard,0983514293227,2023-01-22
230,Jessica,sheltonkim@example.net,Gold,103,2025-06-09,Standard,8367321112661,2021-07-13
231,Hector,sally79@example.com,Platinum,4015,2025-02-16,Standard,0998881185446,2023-07-06
232,Rhonda,gallagherjennifer@example.org,Bronze,3551,2025-03-24,Standard,4244385524370,2021-04-06
233,Brandi,norriscatherine@example.net,Gold,3766,2025-05-27,Standard,7426543040376,2023-08-11
234,Cindy,andrewhamilton@example.org,Silver,3567,2025-04-22,Standard,8590033416029,2022-05-02
235,Elizabeth,hinesjoseph@example.com,Silver,4274,2025-02-27,Standard,9404114285218,2022-03-08
236,Stephen,heather60@example.com,Gold,4408,2025-03-15,Standard,9112523909900,2024-07-16
237,Sandra,sheltonmary@example.com,Platinum,3808,2025-04-19,Standard,9221578166881,2023-12-13
238,Douglas,gilllisa@example.com,Platinum,4853,2025-02-21,Standard,2723679187435,2024-03-17
239,Danielle,michaelhubbard@example.org,Gold,2640,2025-02-19,Standard,7333183386438,2024-02-07
240,Monique,ramosbrandon@example.com,Silver,709,2025-05-17,Standard,1320097525711,2021-09-01
241,Danny,emily99@example.org,Gold,3692,2025-03-22,Standard,9914331121383,2021-12-20
242,Stephanie,carterandrew@example.org,Silver,3806,2025-04-10,Standard,1138577733384,2022-10-14
243,David,brian71@example.org,Platinum,2755,2025-03-17,Standard,1785395738114,2023-11-22
244,Steven,dsimmons@example.net,Bronze,4049,2025-03-18,Standard,2962346944199,2021-03-28
245,Tara,dpatrick@example.net,Gold,1489,2025-06-08,Standard,2267084743980,2023-09-10
246,Stephen,tjones@example.net,Platinum,1737,2025-04-13,Standard,4967162244450,2024-05-13
247,Ross,swilliams@example.net,Gold,2116,2025-06-27,Standard,7597118700541,2021-05-05
248,Leslie,xsmith@example.org,Gold,2290,2025-03-31,Standard,0300343850918,2024-12-11
249,Brett,alexandermercer@example.com,Gold,4553,2025-06-16,Standard,3900982236557,2025-04-18
250,Cheryl,michellegonzales@example.org,Bronze,4232,2025-04-08,Standard,0264537892103,2024-09-30
251,Angela,hayneschristopher@example.com,Silver,701,2025-05-24,Standard,1544099956885,2025-03-30
252,Eileen,travis62@example.net,Silver,3329,2025-05-12,Standard,0206008593089,2022-06-28
253,Jennifer,kstrickland@example.org,Platinum,4548,2025-03-11,Standard,8377242183121,2022-07-25
254,Victoria,fhunt@example.com,Silver,3900,2025-02-27,Standard,9002106904141,2024-06-02
255,Kristin,qarnold@example.net,Platinum,3671,2025-02-18,Standard,1794726314042,2024-11-14
256,Hector,valerierose@example.net,Bronze,762,2025-06-25,Standard,3635448430964,2023-05-08
257,Donna,jenniferjones@example.org,Gold,1815,2025-03-13,Standard,3750794907516,2021-08-19
258,Michelle,kathrynbarrett@example.com,Platinum,1993,2025-02-19,Standard,7532665656847,2022-02-23
259,Allison,harrisondenise@example.com,Gold,4764,2025-03-25,Standard,8999887974235,2024-11-28
260,Charles,matthew79@example.com,Gold,3876,2025-05-01,Standard,4960181564984,2024-09-05
261,Matthew,ubanks@example.com,Gold,3485,2025-02-24,Standard,8689383847081,2024-08-19
262,Jessica,masseyricardo@example.net,Gold,2882,2025-03-22,Standard,3130295337724,2021-10-31
263,April,barberantonio@example.com,Platinum,2219,2025-06-12,Standard,9984822170627,2022-05-29
264,Brandon,garciadebbie@example.com,Gold,2059,2025-03-15,Standard,7757395737592,2023-01-08
265,Jordan,chelsea27@example.com,Silver,988,2025-03-18,Standard,9305336816039,2021-11-02
266,Monica,gtanner@example.com,Silver,2584,2025-02-05,Standard,7362971623205,2021-06-30
267,Patrick,cindycollins@example.com,Bronze,4389,2025-05-25,Standard,1456548066090,2024-10-30
268,John,charles00@example.org,Silver,1569,2025-05-07,Standard,1856917948308,2023-11-27
269,Sabrina,sweaver@example.org,Silver,3966,2025-05-21,Standard,2637882042207,2024-11-01
270,Kathleen,melissastokes@example.org,Gold,4829,2025-05-14,Standard,9068592983554,2023-08-27
271,Travis,sreynolds@example.com,Gold,823,2025-03-12,Standard,4348094858351,2021-08-19
272,Kenneth,joanne52@example.com,Silver,2426,2025-02-22,Standard,2742863800101,2022-02-21
273,Laura,taylor51@example.com,Silver,2956,2025-06-18,Standard,1587717211881,2024-12-03
274,Cory,zachary84@example.org,Silver,2476,2025-05-24,Standard,8648102363731,2022-08-26
275,Karen,ryan90@example.net,Bronze,4375,2025-06-21,Standard,0975782684596,2022-06-12
276,Maureen,orichmond@example.net,Silver,2247,2025-02-21,Standard,2662653113452,2024-03-10
277,Amanda,lmason@example.net,Bronze,446,2025-04-15,Standard,6904889837989,2023-07-03
278,Susan,tammy30@example.net,Gold,1034,2025-04-08,Standard,3062319457450,2024-07-07
279,Jessica,adamlopez@example.org,Platinum,840,2025-03-15,Standard,0955914019206,2021-05-24
280,Patricia,nathan67@example.org,Bronze,4702,2025-05-22,Standard,2366449965014,2022-05-01
281,Joseph,iharrison@example.net,Gold,3845,2025-06-06,Standard,4607620182344,2022-12-15
282,Andrew,tasha88@example.org,Platinum,3608,2025-06-20,Standard,9069713501900,2024-06-12
283,Morgan,daughertycharles@example.com,Gold,1510,2025-05-22,Standard,0134849659967,2022-01-31
284,Julie,jenkinsdanielle@example.org,Bronze,2068,2025-02-15,Standard,3468063029524,2023-12-02
285,Victoria,holly08@example.com,Platinum,934,2025-03-18,Standard,8233807125279,2024-07-14
286,Laura,tim92@example.com,Bronze,3282,2025-05-05,Standard,0335762314017,2023-07-05
287,Ricky,kaitlyn98@example.net,Platinum,606,2025-06-24,Standard,9496688232722,2023-09-27
288,Jill,sean29@example.com,Bronze,1242,2025-03-28,Standard,7298717087670,2024-02-07
289,Heather,christinabailey@example.net,Silver,4610,2025-06-21,Standard,4714887532004,2024-02-11
290,Erin,nguyengary@example.net,Gold,697,2025-03-30,Standard,5050512816437,2022-09-13
291,Yvonne,xmcclain@example.com,Silver,970,2025-05-30,Standard,3760601972245,2022-07-25
292,Jordan,angelamartinez@example.com,Platinum,4966,2025-02-09,Standard,3171234138221,2021-07-02
293,Aaron,schneiderangela@example.net,Silver,4280,2025-05-07,Standard,7263800721540,2022-12-18
294,Rachel,ravencastillo@example.net,Platinum,3690,2025-06-03,Standard,3760595340700,2024-03-15
295,Andrea,pattersonholly@example.net,Platinum,2435,2025-04-12,Standard,8572945830874,2024-12-10
296,April,isaiah28@example.com,Platinum,2501,2025-04-04,Standard,8220543863245,2025-01-28
297,Alexander,yvonnesmith@example.org,Bronze,4994,2025-06-08,Standard,4131387595579,2022-11-10
298,Pamela,amanda81@example.net,Bronze,1702,2025-05-26,Standard,7700947411351,2024-11-23
299,Raymond,stacie19@example.org,Silver,2167,2025-06-16,Standard,2555723639853,2021-11-15
300,Richard,scott40@example.net,Bronze,1286,2025-04-10,Standard,5827728629511,2022-03-30
301,Cody,ajohnson@example.net,Silver,1423,2025-04-18,Standard,2863628728920,2023-09-28
302,Matthew,kelly97@example.com,Bronze,1282,2025-02-12,Standard,8326210531569,2022-05-26
303,Jeffrey,michaelrivera@example.net,Bronze,3346,2025-03-01,Standard,4448417876065,2021-03-14
304,Tiffany,sarahspencer@example.net,Platinum,4864,2025-05-23,Standard,5890215384455,2024-07-07
305,Donald,dustinzuniga@example.org,Platinum,2385,2025-06-08,Standard,7414078420414,2022-03-17
306,Brandi,williamrivera@example.org,Bronze,1896,2025-02-09,Standard,9126997072297,2022-11-20
307,Ian,jennaharrington@example.net,Gold,2316,2025-03-08,Standard,9197830707863,2023-04-12
308,Rodney,mercadoamy@example.org,Platinum,583,2025-06-24,Standard,7420900478316,2021-06-12
309,Ashlee,olsonkenneth@example.org,Silver,2167,2025-03-28,Standard,3582445429075,2025-02-20
310,Erica,jensenmichelle@example.net,Silver,3482,2025-04-13,Standard,1233249825114,2023-04-24
311,Kerry,marymercer@example.org,Bronze,4461,2025-02-13,Standard,9632929193354,2023-09-18
312,Nicholas,eking@example.net,Silver,1220,2025-02-14,Standard,2492128785725,2024-08-23
313,Todd,abrooks@example.net,Gold,1165,2025-04-15,Standard,2557870212265,2023-02-21
314,Laura,tyler73@example.com,Bronze,488,2025-06-18,Standard,0089568073097,2023-02-17
315,Michael,wtorres@example.net,Silver,2519,2025-05-09,Standard,0426216685105,2023-10-19
316,Nicole,vanessa61@example.com,Gold,3597,2025-04-18,Standard,8691227011540,2024-08-29
317,Holly,ohernandez@example.net,Bronze,3839,2025-06-13,Standard,0620944737653,2024-07-05
318,Mark,kmcdaniel@example.net,Gold,3297,2025-03-18,Standard,7188997990546,2024-02-06
319,Scott,jrosario@example.org,Gold,4099,2025-03-22,Standard,0417995729162,2023-12-05
320,Brittany,anthony85@example.com,Platinum,3586,2025-05-11,Standard,3909719220293,2025-04-27
321,Brett,julie35@example.net,Bronze,4899,2025-06-12,Standard,1861266609005,2024-01-10
322,Christina,jonathanlee@example.net,Bronze,3539,2025-05-18,Standard,0978113233498,2024-04-27
323,Eric,farmerjacqueline@example.net,Gold,4945,2025-03-25,Standard,5725581335580,2024-09-08
324,Brian,zosborn@example.net,Gold,211,2025-06-19,Standard,7578944297098,2023-10-12
325,Donna,john37@example.net,Bronze,1875,2025-04-10,Standard,0735613550936,2022-03-30
326,Joe,bridgescody@example.net,Bronze,2207,2025-03-08,Standard,8211291692001,2023-12-15
327,Christopher,wandrade@example.com,Bronze,1435,2025-06-17,Standard,7515086615480,2021-05-15
328,Beth,johncarrillo@example.net,Platinum,4251,2025-03-21,Standard,5647730992219,2023-04-12
329,Michael,hknight@example.org,Platinum,2278,2025-04-23,Standard,5455876360822,2022-11-21
330,Matthew,antonioporter@example.org,Silver,4795,2025-06-18,Standard,8243944756747,2021-02-12
331,Christopher,jennifer02@example.net,Platinum,4028,2025-02-18,Standard,6410189168596,2021-03-13
332,Jonathan,elizabeth19@example.net,Bronze,3850,2025-06-07,Standard,5630679450302,2021-02-25
333,David,hfisher@example.com,Gold,3345,2025-02-05,Standard,6587554929876,2021-03-19
334,William,kathryn80@example.net,Gold,2630,2025-03-30,Standard,4341721355618,2023-08-13
335,Jessica,abarnes@example.net,Bronze,1317,2025-04-24,Standard,0691836515549,2021-02-14
336,Kristina,anna31@example.com,Gold,3372,2025-06-20,Standard,0574704927247,2022-11-27
337,Misty,ggarcia@example.org,Platinum,2361,2025-03-10,Standard,2237881130783,2022-09-25
338,Willie,lisabrooks@example.org,Platinum,4506,2025-04-18,Standard,6224330338466,2021-02-18
339,Sharon,carternicholas@example.org,Bronze,3725,2025-06-08,Standard,1260679511833,2024-01-31
340,William,vjones@example.com,Bronze,2576,2025-05-10,Standard,6354957823683,2021-03-15
341,Donald,kmurphy@example.org,Gold,2648,2025-02-18,Standard,0886103095763,2022-06-26
342,Natalie,josecarter@example.org,Bronze,3311,2025-03-23,Standard,3430118115596,2022-02-16
343,Cynthia,halltina@example.org,Bronze,4444,2025-03-14,Standard,8585511695843,2021-03-27
344,Ellen,brian88@example.org,Platinum,3385,2025-03-14,Standard,6492005034440,2024-01-04
345,Randy,jamesanderson@example.net,Bronze,1536,2025-02-23,Standard,9875445783205,2024-10-21
346,Roger,patrickandrew@example.com,Gold,4083,2025-03-23,Standard,0445468040826,2022-05-22
347,Laura,daniel81@example.com,Platinum,422,2025-02-14,Standard,5417526961085,2024-07-11
348,Justin,xmason@example.com,Silver,2187,2025-03-28,Standard,0705468914902,2021-03-23
349,Tiffany,kevinross@example.org,Silver,2359,2025-05-11,Standard,4113750231138,2023-12-05
350,Julie,parkerwilliam@example.org,Platinum,3970,2025-04-10,Standard,8938310239943,2024-11-29
351,Jake,lcarrillo@example.com,Bronze,236,2025-05-18,Standard,7770300006489,2023-12-16
352,Stephanie,bcollins@example.net,Silver,1297,2025-05-04,Standard,2724459724783,2022-06-11
353,Eric,meadowsgregory@example.org,Gold,4512,2025-06-14,Standard,5548108278898,2025-02-04
354,Elizabeth,haasmichael@example.com,Bronze,4524,2025-04-06,Standard,6266035655648,2024-02-13
355,James,todd62@example.com,Platinum,763,2025-04-14,Standard,9704155246570,2023-01-07
356,Douglas,floreslisa@example.org,Silver,929,2025-04-24,Standard,6868806860577,2023-07-27
357,Debra,kelly75@example.org,Platinum,962,2025-03-31,Standard,5608915130680,2024-02-25
358,Susan,courtneyjones@example.com,Silver,4082,2025-04-27,Standard,7188750464172,2023-10-23
359,David,dbowers@example.com,Gold,4168,2025-05-25,Standard,4378680454980,2022-08-04
360,Robert,omartinez@example.org,Gold,3403,2025-02-14,Standard,3204032271551,2021-11-23
361,Emily,hickmandaniel@example.org,Platinum,3868,2025-02-06,Standard,6170218426533,2021-09-09
362,Rachel,teresajohnson@example.com,Silver,3741,2025-02-22,Standard,1521917389830,2024-07-13
363,Joseph,justinsmith@example.org,Silver,3142,2025-05-12,Standard,8162351914494,2023-04-24
364,Katie,christopherhammond@example.com,Silver,4910,2025-05-31,Standard,3705225468363,2023-08-19
365,Nathan,david26@example.com,Silver,571,2025-06-16,Standard,5887603574531,2021-12-30
366,Heather,carlos21@example.com,Gold,3399,2025-03-17,Standard,7829123315743,2025-02-21
367,Brandy,christopherlopez@example.com,Gold,4159,2025-06-26,Standard,8055931791796,2025-02-10
368,Aimee,leescott@example.org,Gold,21,2025-05-20,Standard,2358052835243,2024-02-26
369,Cory,robertgraves@example.com,Gold,2445,2025-06-03,Standard,3873072661535,2023-02-25
370,Steven,phenderson@example.com,Platinum,1217,2025-03-20,Standard,6180296369590,2024-05-29
371,Russell,brownjessica@example.com,Platinum,4412,2025-03-05,Standard,1001616027939,2023-03-17
372,Lisa,sweiss@example.net,Platinum,2827,2025-02-09,Standard,4111283916415,2022-02-22
373,Gabriel,hollyjohnson@example.net,Gold,4521,2025-02-12,Standard,6901886729078,2021-12-06
374,Kelly,vwilson@example.com,Platinum,3730,2025-03-01,Standard,3314165041814,2023-09-19
375,Michele,stevensshannon@example.net,Gold,1545,2025-02-14,Standard,8795212343442,2021-11-05
376,Henry,ocamacho@example.org,Silver,4684,2025-02-19,Standard,0910460433522,2022-11-21
377,Lisa,smithjasmine@example.net,Platinum,1913,2025-06-08,Standard,4135309032068,2025-02-17
378,Sarah,hicksheidi@example.org,Platinum,357,2025-03-25,Standard,9847757662045,2023-12-31
379,Lindsey,theresascott@example.net,Gold,3874,2025-06-04,Standard,6968554174233,2021-09-10
380,Julie,ryan44@example.org,Platinum,3162,2025-05-04,Standard,5741670535759,2021-07-23
381,James,michele34@example.net,Silver,4057,2025-02-14,Standard,6358270731359,2021-06-26
382,Carlos,david22@example.org,Bronze,1034,2025-04-16,Standard,7541745469325,2024-02-02
383,Tracie,jenningsdaniel@example.net,Gold,822,2025-06-21,Standard,0255448061587,2023-06-26
384,Tanya,patrick85@example.org,Platinum,816,2025-02-18,Standard,4857088174364,2022-03-06
385,Brittany,charlene63@example.com,Platinum,125,2025-06-04,Standard,6155097215160,2024-07-31
386,Kristi,jacksmith@example.net,Silver,3358,2025-06-19,Standard,5207108175763,2023-02-12
387,Joseph,emelton@example.com,Silver,612,2025-02-06,Standard,9891209397445,2021-07-19
388,Jonathan,iwilson@example.net,Platinum,2171,2025-04-28,Standard,4541829966150,2023-04-26
389,Russell,alexanderjennifer@example.com,Gold,3256,2025-02-20,Standard,1312518554386,2024-06-28
390,Amanda,laurabishop@example.org,Bronze,2691,2025-06-26,Standard,7590357221031,2024-01-31
391,Thomas,xgutierrez@example.org,Platinum,2594,2025-05-28,Standard,7562947878391,2021-11-07
392,Tammy,ruizbarbara@example.org,Platinum,4432,2025-06-17,Standard,7551612348652,2023-06-10
393,Rita,gortega@example.org,Bronze,560,2025-02-23,Standard,2441009993590,2023-07-06
394,Jason,frazierbarry@example.net,Silver,2354,2025-02-21,Standard,1118748420682,2022-08-24
395,Adam,wendy96@example.org,Silver,740,2025-06-11,Standard,5207242855580,2023-10-25
396,Manuel,waynetaylor@example.com,Platinum,806,2025-02-09,Standard,7653553667722,2024-08-20
397,John,brianweber@example.net,Bronze,3634,2025-03-30,Standard,3244575663432,2021-11-13
398,Gary,williamsolivia@example.net,Silver,2453,2025-05-25,Standard,6147141983580,2023-11-21
399,Jacob,michaelblack@example.net,Bronze,376,2025-05-12,Standard,4958737111017,2021-05-04
400,April,ohill@example.com,Gold,459,2025-06-18,Standard,9820760802715,2023-02-27
401,Mark,ashleywheeler@example.org,Gold,2936,2025-06-15,Standard,6402262061952,2022-05-14
402,Eugene,hchristensen@example.net,Gold,3528,2025-04-13,Standard,8876129432231,2024-05-01
403,Tonya,courtneymatthews@example.net,Silver,2000,2025-03-14,Standard,8291004396569,2022-11-19
404,Ronald,lnelson@example.net,Platinum,4636,2025-03-24,Standard,7451876089458,2024-12-30
405,Emily,lcoleman@example.com,Silver,1392,2025-05-01,Standard,3090030940039,2024-01-05
406,Brian,uglenn@example.org,Silver,646,2025-02-26,Standard,5809320534283,2021-10-20
407,Steven,jason59@example.net,Platinum,1972,2025-05-13,Standard,2394563921291,2021-12-13
408,Megan,susanmoreno@example.org,Platinum,4777,2025-06-06,Standard,3444755859887,2025-02-08
409,Samantha,crystalcarroll@example.com,Silver,1902,2025-03-25,Standard,7194220255194,2022-11-18
410,Michael,lynn21@example.com,Platinum,2080,2025-03-22,Standard,4049794963552,2024-02-24
411,Tammy,brooke68@example.net,Platinum,2091,2025-03-31,Standard,4592244316155,2021-05-31
412,Christopher,qjackson@example.com,Bronze,3811,2025-05-06,Standard,3974714694684,2022-08-29
413,Shirley,robertpowell@example.com,Gold,4477,2025-05-02,Standard,2225797619532,2022-06-20
414,Brian,spearslance@example.com,Silver,605,2025-04-24,Standard,5469872745232,2022-07-12
415,Timothy,daviselizabeth@example.org,Platinum,2830,2025-02-26,Standard,2299705211913,2023-11-17
416,Martin,nthomas@example.com,Gold,3475,2025-02-21,Standard,6432538236260,2024-06-01
417,William,stonerobin@example.net,Gold,3742,2025-03-26,Standard,9889527313065,2024-06-29
418,Christopher,robert70@example.com,Gold,1631,2025-04-11,Standard,8166284018186,2022-01-16
419,Michelle,josephmercer@example.net,Platinum,3958,2025-05-03,Standard,8526026474475,2024-10-26
420,Monique,joseph40@example.net,Bronze,1943,2025-02-20,Standard,6774098071667,2023-12-17
421,Michael,eflores@example.net,Platinum,4685,2025-03-11,Standard,7044443499579,2022-03-28
422,Cheryl,michele69@example.net,Gold,4708,2025-03-09,Standard,0492286665563,2022-12-15
423,Melissa,hughesmicheal@example.net,Gold,2418,2025-04-09,Standard,3862795778120,2024-04-20
424,Janet,christiancynthia@example.org,Bronze,3242,2025-05-19,Standard,2653858366253,2023-03-28
425,Larry,josephwiggins@example.net,Gold,66,2025-05-21,Standard,1532748500880,2024-11-12
426,Jennifer,tgiles@example.net,Bronze,4967,2025-02-25,Standard,1619684253419,2022-11-16
427,Lindsay,lesliepowell@example.com,Platinum,2344,2025-03-18,Standard,6299252391678,2024-12-29
428,Steven,xross@example.com,Silver,4973,2025-06-26,Standard,9223955488506,2022-03-19
429,Jennifer,matthewjones@example.org,Gold,1794,2025-04-21,Standard,7021003505100,2024-07-28
430,Jorge,smithdiana@example.com,Silver,2053,2025-05-24,Standard,6408840125354,2022-07-05
431,Rachel,lutzjeff@example.com,Silver,795,2025-05-30,Standard,5225056445337,2022-06-26
432,Jeremy,brasmussen@example.com,Bronze,2530,2025-03-21,Standard,7695887152577,2024-07-25
433,Jared,pagescott@example.org,Platinum,273,2025-05-02,Standard,9785447227945,2023-06-15
434,Eugene,smclean@example.com,Gold,1076,2025-04-08,Standard,3743628095959,2021-11-20
435,Traci,rebeccagarza@example.org,Bronze,2417,2025-03-31,Standard,0966384807771,2022-11-27
436,Gerald,lopezangela@example.net,Gold,3403,2025-04-13,Standard,7708449900247,2025-02-04
437,Marc,fulleralexander@example.com,Silver,1644,2025-06-03,Standard,4541864172524,2024-02-14
438,Jillian,yolson@example.net,Silver,4418,2025-03-29,Standard,1581157738997,2022-03-19
439,Brittany,harperivan@example.com,Gold,4348,2025-06-03,Standard,7778920569471,2022-10-05
440,Susan,rcarroll@example.org,Gold,1347,2025-03-23,Standard,9174909184117,2024-10-10
441,Stephanie,elizabeth16@example.com,Gold,3947,2025-03-01,Standard,8099472486977,2021-02-06
442,Tara,rosariobilly@example.org,Gold,2774,2025-04-26,Standard,5729154534465,2025-03-24
443,James,lawrencethompson@example.net,Bronze,3836,2025-06-18,Standard,9908009363874,2023-05-22
444,Valerie,thomastodd@example.net,Bronze,1153,2025-02-20,Standard,0728638296796,2022-02-26
445,Randy,dianewong@example.org,Silver,3255,2025-04-17,Standard,0836443576188,2021-09-19
446,Kevin,ashley33@example.com,Gold,739,2025-06-19,Standard,3309539299347,2024-10-28
447,Eric,payneharry@example.com,Platinum,114,2025-06-06,Standard,9988584436515,2022-04-22
448,Kevin,heatherking@example.net,Gold,4395,2025-04-22,Standard,0590717719085,2021-08-07
449,Amanda,rross@example.net,Bronze,3725,2025-06-04,Standard,9322428839639,2024-02-16
450,Ryan,frances12@example.org,Gold,2147,2025-03-21,Standard,5262742261749,2023-06-16
451,Michael,xcosta@example.net,Platinum,3043,2025-02-12,Standard,1406895942810,2022-01-15
452,Randy,nicolefields@example.com,Bronze,1915,2025-06-18,Standard,6389123698106,2023-03-16
453,Linda,matthew32@example.org,Platinum,205,2025-02-06,Standard,4641584849819,2022-02-04
454,Stacy,paulmejia@example.org,Gold,4997,2025-03-30,Standard,9166716735760,2024-06-18
455,Bryan,timothyrichards@example.com,Silver,517,2025-06-19,Standard,4864910375422,2022-03-03
456,Nicole,kathryn52@example.com,Platinum,2475,2025-05-11,Standard,3118960504710,2022-04-03
457,Whitney,melissa75@example.net,Platinum,955,2025-06-01,Standard,7030033571249,2021-11-29
458,William,zcarrillo@example.net,Silver,371,2025-06-11,Standard,8427997762079,2022-01-27
459,Mckenzie,nthompson@example.org,Bronze,2493,2025-05-01,Standard,4793145139010,2023-11-07
460,Jason,richard20@example.com,Platinum,951,2025-05-15,Standard,9059272871381,2023-12-12
461,Daniel,wheelerangela@example.org,Bronze,1923,2025-04-22,Standard,6186902579953,2022-12-07
462,Mary,wheelereric@example.com,Silver,3183,2025-04-11,Standard,1140895530397,2024-07-06
463,Craig,charles72@example.net,Platinum,3039,2025-05-01,Standard,4691878183339,2024-04-02
464,Deanna,bryan57@example.com,Platinum,4811,2025-02-22,Standard,9249560776209,2024-05-05
465,Nicole,camachokatherine@example.net,Silver,3398,2025-06-19,Standard,7515729925935,2021-10-12
466,Colton,wedwards@example.org,Bronze,4008,2025-04-25,Standard,5230193999726,2021-11-29
467,Todd,kathrynyoung@example.net,Platinum,2291,2025-06-28,Standard,4929795811256,2022-10-27
468,Elizabeth,richard57@example.net,Bronze,3035,2025-02-22,Standard,3288278865580,2022-01-05
469,John,dclayton@example.com,Silver,3632,2025-05-29,Standard,3610856729662,2022-04-12
470,Sara,lisa24@example.org,Platinum,1934,2025-05-15,Standard,0690837937490,2023-12-25
471,William,lewiscraig@example.org,Gold,813,2025-02-11,Standard,1190096713282,2024-11-24
472,Debra,watsoneugene@example.net,Gold,4460,2025-03-07,Standard,5778980587179,2022-01-27
473,Kevin,icox@example.net,Gold,496,2025-02-12,Standard,5498472286616,2021-07-31
474,Gina,steven57@example.org,Platinum,2260,2025-02-12,Standard,3077773109921,2023-05-29
475,Alyssa,smithkaren@example.net,Silver,1000,2025-02-05,Standard,2861898624297,2024-04-29
476,Kimberly,gomezjustin@example.com,Platinum,750,2025-03-26,Standard,4904502454645,2024-09-18
477,Diana,lauraalvarez@example.com,Silver,4891,2025-06-13,Standard,2298347390962,2023-12-18
478,Jason,swilson@example.org,Bronze,414,2025-02-21,Standard,7181071120505,2022-02-23
479,Whitney,xferguson@example.org,Gold,1995,2025-03-08,Standard,3554655150165,2022-03-06
480,Jerry,xstuart@example.org,Silver,4625,2025-06-19,Standard,2826192564537,2021-03-04
481,Matthew,bonillabrittany@example.net,Silver,562,2025-04-23,Standard,8627589813037,2024-07-06
482,Amy,bonillaamanda@example.com,Silver,4803,2025-03-12,Standard,9399983627936,2023-06-09
483,Seth,michaelsmith@example.com,Silver,1908,2025-05-09,Standard,7447845552755,2023-02-08
484,Michelle,thomasferguson@example.com,Gold,1208,2025-05-13,Standard,3243997465242,2025-04-14
485,Richard,claire90@example.com,Bronze,2271,2025-03-04,Standard,5737007372742,2022-11-15
486,Robert,drobertson@example.com,Silver,1064,2025-04-21,Standard,3817779165665,2021-12-31
487,Nicole,hernandezlaurie@example.net,Gold,1429,2025-04-14,Standard,3762661991027,2023-02-02
488,Evelyn,vknight@example.com,Bronze,211,2025-04-08,Standard,9025374346832,2024-11-05
489,Jessica,troy48@example.net,Silver,121,2025-05-02,Standard,4103319449215,2022-12-12
490,Kristy,cjones@example.org,Gold,1949,2025-03-30,Standard,1240318846067,2024-06-27
491,Monique,schneidersarah@example.net,Gold,129,2025-06-25,Standard,9970773689181,2022-09-13
492,Katrina,nicole44@example.org,Silver,2173,2025-03-11,Standard,7166019778335,2023-10-26
493,Amy,kaylee48@example.net,Bronze,1038,2025-04-19,Standard,9822641154650,2022-09-26
494,Mary,thomassmith@example.org,Platinum,4309,2025-04-10,Standard,8751731050294,2023-01-09
495,Barbara,danielsthomas@example.org,Bronze,520,2025-03-06,Standard,4765821552511,2022-05-18
496,James,kenneth26@example.net,Platinum,3672,2025-03-12,Standard,9949679742749,2025-02-01
497,Jonathan,jorge25@example.org,Gold,4204,2025-03-06,Standard,7562453186793,2024-05-28
498,Juan,monica94@example.org,Bronze,3702,2025-03-28,Standard,0167550195871,2021-11-04
499,Victoria,erica93@example.org,Silver,355,2025-04-08,Standard,1782707441954,2022-02-23
500,Mark,uburke@example.net,Gold,3752,2025-03-01,Standard,7744977980994,2024-06-22
501,Lorraine,martinezrandall@example.org,Bronze,498,2025-03-30,Standard,1022981104091,2024-11-24
502,Rebekah,alexander66@example.org,Platinum,3290,2025-05-05,Standard,8833866889421,2025-04-10
503,Stephen,jdean@example.com,Platinum,884,2025-04-05,Standard,7789194244547,2024-10-28
504,John,karakim@example.com,Platinum,3633,2025-03-02,Standard,3677004981676,2021-05-20
505,Desiree,scott16@example.org,Bronze,661,2025-05-24,Standard,8645749199528,2024-04-16
506,Jeremy,gholder@example.net,Gold,4983,2025-03-13,Standard,9469778064351,2023-04-28
507,Michael,adambarnett@example.org,Silver,538,2025-06-07,Standard,7355600312649,2023-12-04
508,Marcus,xjackson@example.org,Silver,2252,2025-03-13,Standard,0650037398896,2024-08-09
509,Dustin,tespinoza@example.org,Gold,3120,2025-04-26,Standard,3310464086985,2021-07-17
510,Jason,melissa60@example.com,Gold,3716,2025-03-10,Standard,3227384552746,2021-06-15
511,Denise,galexander@example.com,Platinum,812,2025-02-08,Standard,9087590562531,2021-03-16
512,Keith,scott03@example.org,Bronze,4516,2025-06-05,Standard,6813584113511,2023-12-11
513,Patricia,hbennett@example.net,Silver,3523,2025-03-29,Standard,8230138334505,2022-10-07
514,Heather,estradavalerie@example.org,Platinum,1871,2025-06-02,Standard,9947484746813,2025-05-07
515,Christopher,xreynolds@example.org,Platinum,2776,2025-02-22,Standard,9137309631450,2022-11-15
516,Andre,lisabradley@example.org,Platinum,3266,2025-04-20,Standard,8151876076552,2021-03-27
517,Curtis,alexander73@example.net,Platinum,778,2025-03-18,Standard,7956369326372,2022-09-10
518,Randall,grobinson@example.com,Gold,3496,2025-04-06,Standard,0142351129233,2023-06-16
519,Christina,hartjacob@example.net,Gold,2088,2025-04-08,Standard,5077877383692,2022-02-20
520,Chelsea,johnsonchristine@example.net,Gold,1250,2025-03-29,Standard,4080112306966,2024-06-17
521,Isabella,crawfordbryan@example.net,Platinum,549,2025-03-21,Standard,7528975294404,2021-06-22
522,Thomas,melissa95@example.net,Bronze,699,2025-05-30,Standard,5005476919097,2024-01-30
523,Daniel,jonathanpowell@example.com,Bronze,3537,2025-03-01,Standard,9783750389245,2021-07-08
524,Theresa,brianwhite@example.net,Bronze,3052,2025-02-10,Standard,0946332455894,2024-01-07
525,Angela,bradleyrivera@example.com,Silver,4557,2025-06-22,Standard,3553954752750,2024-03-10
526,Michael,ashleyjensen@example.net,Bronze,4804,2025-03-18,Standard,6338418450872,2024-04-13
527,Jessica,bryan39@example.com,Gold,1001,2025-06-25,Standard,3517522659675,2021-06-12
528,Amber,jamesmoore@example.com,Platinum,2896,2025-02-17,Standard,2446058429231,2024-02-12
529,Ethan,idavis@example.com,Platinum,421,2025-06-24,Standard,9748949419743,2021-09-21
530,Mary,derek65@example.org,Gold,4918,2025-02-22,Standard,2051210608725,2024-09-20
531,Lynn,edavenport@example.com,Gold,2880,2025-03-21,Standard,7028901629509,2022-04-27
532,Kimberly,lewiskimberly@example.net,Bronze,4734,2025-05-01,Standard,1643810164639,2023-06-24
533,Zachary,theresa87@example.org,Silver,1267,2025-02-28,Standard,4255753443906,2022-11-02
534,Monique,scottcoleman@example.com,Platinum,1837,2025-05-04,Standard,7006065265407,2025-03-18
535,Jennifer,davidweber@example.com,Bronze,2868,2025-05-02,Standard,1008807441491,2022-01-15
536,Olivia,jonesautumn@example.org,Gold,941,2025-05-21,Standard,3095066473344,2024-04-26
537,Matthew,emily57@example.org,Gold,4703,2025-04-25,Standard,6252088249275,2025-04-01
538,Amy,vperez@example.com,Silver,3515,2025-06-20,Standard,9830750206831,2022-01-02
539,Donald,amy24@example.com,Bronze,4988,2025-04-14,Standard,0732668390683,2023-01-01
540,David,james77@example.com,Gold,237,2025-05-31,Standard,7574149878589,2022-01-18
541,Charles,cwright@example.com,Silver,2238,2025-05-28,Standard,3064161865283,2025-01-02
542,Megan,debra65@example.com,Gold,2783,2025-02-23,Standard,0585812312080,2021-06-02
543,Douglas,kristina42@example.net,Gold,50,2025-05-05,Standard,2737649472637,2023-01-28
544,Rebecca,josephnelson@example.com,Silver,1173,2025-02-14,Standard,3405766136188,2024-09-21
545,Amy,marknguyen@example.com,Platinum,570,2025-05-07,Standard,2293896778609,2021-10-12
546,Joseph,adam73@example.org,Silver,251,2025-06-12,Standard,7703369726338,2022-10-22
547,Richard,marybrooks@example.org,Bronze,4345,2025-06-04,Standard,5321258011142,2022-12-30
548,Joshua,marcusdavenport@example.org,Silver,3081,2025-04-29,Standard,8491144535250,2024-03-06
549,Richard,athompson@example.com,Platinum,3716,2025-02-05,Standard,7976359548167,2022-01-15
550,David,ssmith@example.net,Gold,1289,2025-05-10,Standard,4897000213518,2023-03-10
551,Ashley,sarah07@example.net,Gold,2552,2025-04-25,Standard,7330664455312,2022-05-11
552,Chelsea,kingjenna@example.org,Gold,4649,2025-05-12,Standard,2559317204264,2023-02-17
553,Summer,roberto83@example.com,Bronze,430,2025-06-13,Standard,2871818145995,2023-12-25
554,Stacey,pricejoanne@example.com,Silver,1289,2025-06-22,Standard,7013716403208,2022-12-11
555,Ronald,patriciabell@example.com,Bronze,668,2025-06-13,Standard,4881166526932,2023-09-21
556,Eric,ianderson@example.net,Gold,3629,2025-03-29,Standard,0960027586344,2025-01-30
557,Ashley,pottermandy@example.org,Platinum,3978,2025-04-10,Standard,2081713974644,2023-05-02
558,Lori,kevincampbell@example.com,Platinum,3392,2025-04-11,Standard,3239734013776,2024-08-26
559,Ashley,mcdowellvickie@example.com,Gold,1765,2025-05-21,Standard,8935829703002,2023-08-12
560,Abigail,tyler73@example.net,Bronze,2827,2025-02-06,Standard,7880397910120,2025-02-01
561,Veronica,snydercolton@example.com,Platinum,908,2025-06-19,Standard,2746754864926,2021-02-20
562,Janet,stefanie92@example.net,Gold,4858,2025-03-28,Standard,1087002924870,2022-08-20
563,Sandra,fitzgeraldkeith@example.net,Platinum,4316,2025-02-14,Standard,1223369002906,2025-01-22
564,David,aadams@example.net,Gold,372,2025-03-01,Standard,2640878145374,2022-07-19
565,Kimberly,murraygary@example.net,Silver,3237,2025-02-13,Standard,9576611343479,2024-12-11
566,Sean,thomasarnold@example.com,Bronze,62,2025-03-14,Standard,5924413799945,2022-03-24
567,Tara,sabrinajennings@example.org,Silver,2469,2025-04-04,Standard,3865354937841,2022-12-27
568,John,jacksonkevin@example.org,Silver,1124,2025-02-12,Standard,0797358688923,2024-06-24
569,Michael,rodriguezerika@example.org,Gold,2371,2025-04-05,Standard,7383518772166,2022-04-26
570,John,david43@example.com,Gold,982,2025-05-21,Standard,8233527454173,2023-12-04
571,Christopher,michaelbooth@example.net,Bronze,4074,2025-05-18,Standard,1034319133648,2021-06-09
572,Richard,fmorgan@example.net,Platinum,1439,2025-06-17,Standard,2873730843644,2023-05-04
573,Michelle,rpugh@example.net,Silver,3114,2025-04-24,Standard,4705905533299,2022-12-29
574,Mark,goodwinsean@example.net,Silver,4098,2025-03-23,Standard,5848479958871,2024-06-09
575,Angela,lisa63@example.com,Gold,590,2025-02-26,Standard,0143187614975,2025-02-20
576,Anthony,ebaker@example.com,Platinum,346,2025-03-07,Standard,2138862803749,2023-04-25
577,Erika,llopez@example.net,Platinum,153,2025-03-21,Standard,1297702071278,2021-02-18
578,John,whuff@example.com,Platinum,637,2025-03-09,Standard,4835552927765,2024-12-02
579,Thomas,jenniferarias@example.net,Gold,4716,2025-03-21,Standard,3656077389879,2023-10-23
580,Robin,kingkenneth@example.net,Platinum,4697,2025-05-22,Standard,2441023967184,2023-01-26
581,Joshua,shelby06@example.org,Platinum,3421,2025-03-12,Standard,4117470100651,2024-11-26
582,Lisa,brockdavid@example.net,Gold,943,2025-06-25,Standard,3823650678158,2023-08-23
583,Alexandra,sarah08@example.com,Platinum,170,2025-02-13,Standard,9789718783803,2021-10-17
584,Andrew,santosmark@example.net,Gold,1407,2025-06-04,Standard,5933835660249,2022-06-27
585,Kimberly,nashsteve@example.net,Platinum,2964,2025-04-27,Standard,8362562106138,2021-04-25
586,Christy,james02@example.com,Bronze,3577,2025-02-11,Standard,7505164284231,2023-06-05
587,Ryan,erica38@example.org,Bronze,1993,2025-05-22,Standard,4805448728719,2021-12-13
588,Lori,boyermichael@example.com,Platinum,4824,2025-04-08,Standard,6082739898302,2022-02-19
589,Michael,wendy41@example.org,Platinum,4292,2025-04-17,Standard,3566395614855,2022-09-03
590,Justin,melissajones@example.org,Bronze,3242,2025-05-26,Standard,6041033271137,2023-03-23
591,Emily,tom93@example.org,Gold,2781,2025-06-22,Standard,0467718314547,2022-10-10
592,Kimberly,joneserin@example.org,Silver,2728,2025-02-06,Standard,4633541192479,2023-07-08
593,Tracy,lnguyen@example.net,Silver,625,2025-02-18,Standard,1411871303226,2024-11-30
594,Donald,mcampbell@example.org,Bronze,4346,2025-06-08,Standard,4492753954515,2021-08-19
595,John,bfletcher@example.com,Silver,2862,2025-05-16,Standard,4093190793139,2023-01-31
596,Julie,maureen45@example.org,Gold,1209,2025-03-20,Standard,2238148325468,2021-04-06
597,Nancy,xjones@example.org,Silver,842,2025-03-04,Standard,1822440375362,2022-06-22
598,Brandy,vhuber@example.com,Silver,2096,2025-03-28,Standard,2735780492940,2021-11-22
599,Erika,bkirk@example.com,Silver,1421,2025-02-16,Standard,8849325264755,2021-04-22
600,Samuel,spencer88@example.net,Silver,617,2025-02-16,Standard,2812835089180,2021-12-22
601,Dana,freemanmiranda@example.org,Silver,4047,2025-04-28,Standard,0638009497885,2021-10-27
602,Laurie,pholmes@example.org,Platinum,4618,2025-06-03,Standard,8883167616696,2024-03-07
603,Amanda,qdixon@example.net,Platinum,4624,2025-02-18,Standard,8002084216801,2022-03-24
604,Brittany,thomassimmons@example.org,Gold,2589,2025-05-06,Standard,0874574969083,2022-12-12
605,Christine,wstephenson@example.org,Silver,3602,2025-02-24,Standard,6359601121713,2022-07-10
606,Alvin,johnsonjay@example.net,Bronze,3841,2025-03-07,Standard,9509097431163,2023-06-22
607,Heather,tkim@example.com,Platinum,2480,2025-02-14,Standard,8093962533593,2023-05-05
608,Anna,sheltontiffany@example.com,Gold,4844,2025-05-07,Standard,7231052228326,2025-04-29
609,Brandi,manuel82@example.net,Bronze,2883,2025-03-16,Standard,5644906191955,2023-12-10
610,Bruce,vgrimes@example.net,Bronze,2542,2025-02-25,Standard,4001030954854,2024-02-14
611,James,sduke@example.org,Platinum,3702,2025-06-03,Standard,1642919841679,2025-04-28
612,Sarah,lisaholloway@example.com,Bronze,466,2025-05-07,Standard,2659263742194,2023-12-03
613,Matthew,leelarry@example.net,Gold,2351,2025-05-09,Standard,6514173745326,2023-09-22
614,Michael,tuckertimothy@example.org,Bronze,739,2025-04-25,Standard,2467487586177,2021-08-18
615,Caitlin,steven69@example.net,Platinum,3790,2025-05-30,Standard,2127191517950,2021-06-02
616,Crystal,jessica51@example.com,Bronze,3684,2025-03-01,Standard,9003982663192,2021-08-22
617,Andre,stonepaul@example.com,Silver,2633,2025-03-20,Standard,5605227908388,2022-12-21
618,Amanda,gabrielle11@example.com,Platinum,4107,2025-06-18,Standard,6742521549498,2021-04-13
619,Shane,james14@example.net,Silver,506,2025-04-16,Standard,5477859756078,2021-04-04
620,James,dawnclark@example.com,Platinum,847,2025-03-13,Standard,3928319406702,2022-03-05
621,Kevin,elizabethelliott@example.org,Gold,690,2025-06-21,Standard,9145440495951,2022-11-14
622,Leslie,beckermatthew@example.org,Silver,320,2025-02-10,Standard,3519845423943,2024-12-18
623,Walter,millercarla@example.com,Silver,3586,2025-05-09,Standard,9059541541805,2024-05-01
624,Nicholas,ksharp@example.net,Platinum,4293,2025-02-26,Standard,7678639722056,2021-12-25
625,Nicole,victoriagamble@example.net,Silver,2981,2025-03-09,Standard,1198874699625,2023-10-11
626,Donna,costalisa@example.net,Gold,2317,2025-02-11,Standard,9256819191371,2023-04-29
627,Rodney,kevinjames@example.net,Platinum,3348,2025-03-21,Standard,5063358435712,2023-08-04
628,Brandon,rwood@example.com,Gold,4897,2025-05-17,Standard,3175387287395,2021-02-15
629,Parker,stephaniegallagher@example.org,Bronze,2741,2025-03-20,Standard,6568501026027,2024-02-08
630,Jo,connie62@example.org,Bronze,2700,2025-05-19,Standard,2864100998178,2021-03-23
631,Michele,amanda10@example.net,Bronze,4570,2025-05-17,Standard,5605265459803,2023-08-07
632,David,charlesschwartz@example.com,Platinum,2327,2025-05-04,Standard,7789597531826,2024-07-28
633,Becky,taylormoore@example.com,Gold,4937,2025-06-04,Standard,0079500158676,2024-07-30
634,Julia,richardhorn@example.net,Silver,2730,2025-06-02,Standard,5750312005565,2024-05-05
635,Samuel,marybuckley@example.com,Bronze,4773,2025-04-17,Standard,1177000351382,2023-12-27
636,Kayla,joshuaholloway@example.org,Silver,2865,2025-03-04,Standard,6844638401913,2021-08-18
637,Cameron,lrichardson@example.net,Gold,3210,2025-06-07,Standard,7768488319854,2023-12-18
638,Dorothy,simmonsmason@example.org,Silver,4874,2025-03-17,Standard,6420799623432,2023-05-16
639,Thomas,gwilson@example.net,Bronze,2536,2025-04-09,Standard,7702654199380,2024-11-03
640,Laura,taylor50@example.org,Platinum,2690,2025-04-26,Standard,7774083424333,2021-07-19
641,Joshua,kmartinez@example.org,Silver,4312,2025-02-11,Standard,5997316333734,2022-02-07
642,Jonathan,johnsoncory@example.com,Bronze,3468,2025-04-07,Standard,6392962207619,2025-03-21
643,Amy,burtonnicholas@example.net,Gold,149,2025-03-22,Standard,5180859106315,2025-01-05
644,John,feliciakelly@example.org,Gold,2530,2025-02-23,Standard,3334811833032,2024-06-20
645,Brandon,vsolomon@example.com,Silver,1754,2025-06-24,Standard,4919332997947,2023-11-07
646,Nicole,jose60@example.net,Gold,3983,2025-02-27,Standard,9258267676718,2021-06-09
647,Taylor,yruiz@example.org,Silver,1855,2025-03-13,Standard,6009377220882,2021-12-11
648,Andre,luismoore@example.net,Silver,1269,2025-04-27,Standard,1562862293323,2024-12-24
649,Tammy,kristenbowen@example.org,Bronze,2423,2025-05-01,Standard,0675114776705,2024-08-13
650,Richard,djohnson@example.com,Bronze,4158,2025-03-29,Standard,1485786869173,2022-01-17
651,Brian,mark61@example.org,Bronze,2758,2025-05-20,Standard,0660694632894,2021-03-09
652,Molly,vmaynard@example.org,Silver,4892,2025-02-07,Standard,1457762720925,2023-12-12
653,Alisha,louis37@example.org,Platinum,1263,2025-05-26,Standard,0842238961075,2023-07-07
654,James,heidihines@example.com,Silver,1481,2025-03-06,Standard,3705543047021,2023-06-24
655,Karen,jimmy98@example.org,Silver,3585,2025-04-11,Standard,4109736101951,2024-08-11
656,Daniel,sanfordmichael@example.com,Bronze,3365,2025-04-21,Standard,5097288841149,2022-09-25
657,Terri,garciamary@example.org,Gold,1945,2025-05-26,Standard,1764154474047,2021-02-13
658,Gary,gonzalezjoseph@example.net,Platinum,2334,2025-05-27,Standard,4233639906137,2021-02-12
659,John,leblancmallory@example.org,Platinum,1916,2025-04-25,Standard,2338317320862,2021-02-12
660,John,maryholt@example.com,Silver,2535,2025-02-17,Standard,7982161332966,2022-03-02
661,Rachel,charles75@example.net,Platinum,1589,2025-04-22,Standard,2987273111801,2022-09-14
662,Crystal,fblankenship@example.net,Gold,4672,2025-03-07,Standard,4020966695184,2021-10-22
663,Kristina,bwyatt@example.net,Platinum,3782,2025-03-29,Standard,8081747773749,2024-07-14
664,Meagan,chadnorris@example.org,Gold,3128,2025-02-16,Standard,8152174176792,2023-09-13
665,Michael,hwood@example.net,Platinum,1327,2025-03-20,Standard,8700623264254,2024-09-02
666,Alexis,dawnholmes@example.net,Silver,4953,2025-03-16,Standard,5829713527317,2024-01-03
667,Alyssa,tbaker@example.com,Silver,2048,2025-06-17,Standard,5540351928634,2024-09-04
668,Melody,robinsonvirginia@example.org,Bronze,3936,2025-06-27,Standard,6881541362711,2022-09-19
669,Amanda,rodriguezelizabeth@example.com,Gold,4542,2025-06-05,Standard,5836732570606,2021-08-24
670,Billy,nelsonalexandria@example.org,Bronze,4226,2025-03-24,Standard,1302424532687,2024-08-10
671,Jacob,matthew18@example.com,Bronze,2335,2025-05-13,Standard,7982393006917,2023-06-20
672,Meghan,vincentleonard@example.com,Bronze,1313,2025-05-17,Standard,6711199060668,2021-06-14
673,Jeremy,jamesbradley@example.net,Gold,3680,2025-04-20,Standard,4285494627888,2023-01-07
674,Steven,acain@example.org,Silver,3583,2025-05-17,Standard,4017797471290,2022-10-10
675,Victoria,andrea97@example.org,Bronze,1818,2025-04-18,Standard,9639892022589,2023-09-11
676,Jesse,rodriguezjennifer@example.com,Platinum,2863,2025-06-01,Standard,7317227749550,2023-09-06
677,Corey,ericreyes@example.org,Bronze,3398,2025-02-23,Standard,5675521540973,2023-10-25
678,Jennifer,bryan84@example.net,Bronze,3247,2025-06-27,Standard,8233605331535,2024-03-23
679,Thomas,jessicajordan@example.org,Gold,1931,2025-03-14,Standard,6995548008819,2021-10-08
680,Marie,william67@example.com,Platinum,668,2025-02-11,Standard,9249647322254,2023-09-16
681,Robert,ocarrillo@example.com,Gold,1839,2025-05-05,Standard,6118917183156,2022-11-19
682,Jennifer,aprilkoch@example.net,Bronze,2610,2025-02-20,Standard,6499688437055,2021-07-16
683,Randy,riversrobert@example.com,Bronze,2746,2025-04-21,Standard,9749207886527,2024-07-09
684,Jasmine,derek64@example.net,Silver,1127,2025-05-02,Standard,9162914875907,2022-08-05
685,Jacqueline,joel48@example.com,Bronze,2350,2025-02-07,Standard,2243899916278,2023-12-16
686,Meghan,kathryndelacruz@example.com,Platinum,1136,2025-05-19,Standard,8196877281811,2021-10-08
687,Eric,morgan95@example.net,Platinum,3674,2025-02-05,Standard,6468956800385,2023-08-11
688,Daniel,mcconnelltammy@example.net,Bronze,649,2025-06-28,Standard,3193456326487,2021-03-09
689,Ashley,brookstonya@example.net,Bronze,2096,2025-02-16,Standard,9118042644831,2021-06-17
690,Mercedes,sgray@example.org,Silver,1224,2025-03-10,Standard,2832722062876,2024-07-14
691,Christopher,walshseth@example.net,Platinum,910,2025-05-21,Standard,3430150942891,2023-06-08
692,Michael,mooresarah@example.com,Gold,1946,2025-02-23,Standard,8930853930021,2023-10-26
693,Ruth,ronaldking@example.net,Gold,998,2025-06-15,Standard,0249294902148,2024-03-11
694,Kristen,raymelissa@example.net,Bronze,1953,2025-03-25,Standard,5545614808573,2022-08-26
695,Melissa,mcdonaldluis@example.com,Platinum,3744,2025-04-07,Standard,9335898196229,2024-04-24
696,Jeffrey,omay@example.com,Bronze,908,2025-02-25,Standard,7324484989104,2022-05-20
697,Donald,kylejohnson@example.net,Platinum,4888,2025-05-01,Standard,5451709554485,2025-03-17
698,Brittany,justintorres@example.org,Bronze,4221,2025-04-15,Standard,9522557916162,2023-08-04
699,Christopher,hpham@example.com,Silver,1176,2025-06-01,Standard,0195901582677,2022-05-26
700,Brandon,david49@example.com,Gold,3516,2025-05-01,Standard,5540430931691,2022-01-13
701,Jason,vasqueztiffany@example.com,Bronze,2890,2025-05-09,Standard,9893888862569,2021-07-07
702,Teresa,yrodriguez@example.com,Silver,4674,2025-03-29,Standard,2811029499480,2023-03-01
703,Angela,qwiggins@example.com,Platinum,1534,2025-03-06,Standard,3022445339504,2023-01-08
704,Patrick,blairkathy@example.org,Bronze,4288,2025-05-01,Standard,0936973721619,2022-03-31
705,Gregory,iholland@example.com,Gold,554,2025-05-23,Standard,0932635637060,2021-03-29
706,Heather,nicole22@example.com,Bronze,3198,2025-06-17,Standard,3902110012846,2021-09-04
707,Levi,lindawhite@example.net,Platinum,356,2025-03-23,Standard,1121810935040,2021-07-20
708,Anna,scottgordon@example.org,Platinum,3058,2025-03-15,Standard,3987690938979,2021-12-25
709,Joan,scottbuckley@example.net,Gold,133,2025-02-12,Standard,1556148137915,2024-05-30
710,Jonathan,xsherman@example.org,Gold,553,2025-02-07,Standard,7868923745165,2023-01-11
711,David,isteele@example.net,Gold,1975,2025-04-04,Standard,2603336766484,2024-05-13
712,Katherine,jasonkrause@example.org,Bronze,4766,2025-02-07,Standard,2362312320676,2024-03-08
713,Tyler,joycebruce@example.com,Gold,1092,2025-06-17,Standard,5084673743373,2024-09-25
714,Heather,martinezkimberly@example.org,Bronze,2886,2025-05-26,Standard,7078985889145,2021-12-31
715,John,hsanchez@example.net,Gold,1434,2025-06-23,Standard,4946949414969,2021-07-29
716,Michael,rfrye@example.org,Platinum,3920,2025-04-06,Standard,3640179913658,2024-02-10
717,Dalton,ericholland@example.com,Silver,1104,2025-02-10,Standard,5016448478902,2021-08-17
718,John,jennifer50@example.com,Bronze,3749,2025-04-03,Standard,0376632489467,2022-09-13
719,Alexa,jeffreyhenry@example.com,Bronze,2403,2025-03-11,Standard,8613794842562,2023-05-09
720,Steven,davismelanie@example.com,Silver,358,2025-06-29,Standard,8683260019788,2024-04-30
721,Nathan,stephanie02@example.org,Silver,343,2025-04-27,Standard,4864285592782,2024-09-22
722,Adam,newtonmiranda@example.net,Gold,2540,2025-03-24,Standard,5286795898172,2023-04-07
723,Margaret,ianderson@example.net,Platinum,4448,2025-02-14,Standard,8271995406608,2022-09-12
724,Laura,carrieellison@example.net,Platinum,2075,2025-05-29,Standard,3077909573475,2021-03-31
725,Joshua,toddkerr@example.org,Bronze,1565,2025-02-21,Standard,2539550066395,2024-04-20
726,Troy,hayden84@example.org,Gold,2924,2025-03-28,Standard,5976233864421,2021-02-14
727,Stephanie,wandavega@example.net,Bronze,2719,2025-05-01,Standard,2236526549834,2023-03-22
728,Jennifer,colemanjamie@example.com,Gold,1019,2025-06-03,Standard,2105005903967,2024-04-26
729,Peggy,porterjanet@example.org,Gold,3579,2025-03-02,Standard,2132609245160,2022-10-05
730,Kimberly,christine45@example.org,Platinum,3602,2025-05-16,Standard,3561595377396,2023-07-06
731,Margaret,moyerthomas@example.com,Platinum,2777,2025-05-25,Standard,9761768323520,2023-09-02
732,Paul,frankhahn@example.com,Silver,4064,2025-06-15,Standard,8147024580243,2024-08-21
733,Nicholas,collinsjames@example.org,Platinum,3009,2025-03-10,Standard,7129633454188,2025-02-14
734,Richard,patrick07@example.com,Gold,676,2025-06-24,Standard,9360390115766,2024-11-21
735,Brenda,flewis@example.com,Platinum,646,2025-02-19,Standard,6838832321696,2021-11-27
736,Corey,juliakelly@example.org,Platinum,4935,2025-05-04,Standard,6135278708175,2025-01-21
737,Steven,triggs@example.org,Silver,4468,2025-06-11,Standard,4490620049535,2024-06-27
738,Anthony,phyllisstone@example.org,Gold,2631,2025-03-01,Standard,2972834730315,2024-03-21
739,Christian,rebecca75@example.org,Bronze,655,2025-02-25,Standard,1759339296882,2021-11-02
740,Julian,jordangregory@example.org,Gold,2421,2025-03-12,Standard,2867234828818,2023-04-02
741,Daniel,ericgreen@example.com,Gold,3652,2025-04-05,Standard,4000878879532,2021-11-01
742,Meredith,christopher14@example.net,Platinum,1365,2025-03-22,Standard,6519037901613,2023-01-22
743,Kelli,gregjones@example.net,Platinum,2879,2025-03-27,Standard,5605265657562,2022-11-05
744,Richard,maldonadowendy@example.org,Platinum,346,2025-06-09,Standard,6660593701760,2022-05-10
745,Sharon,shernandez@example.com,Gold,3563,2025-04-08,Standard,0210672853578,2021-03-31
746,Jennifer,john70@example.org,Gold,469,2025-04-19,Standard,5250252598780,2024-10-01
747,Michael,greerjulia@example.org,Bronze,3327,2025-05-14,Standard,1613289963186,2023-03-15
748,Danielle,obarnett@example.org,Gold,4203,2025-04-09,Standard,5474443730821,2023-12-10
749,Tammy,dmurphy@example.net,Silver,255,2025-05-23,Standard,5119113425920,2025-02-20
750,Justin,benjamin20@example.com,Silver,4977,2025-06-26,Standard,5803437357756,2021-08-20
751,Jennifer,diane97@example.com,Platinum,285,2025-06-26,Standard,8947488951449,2025-03-22
752,Ashley,richardsonstephanie@example.org,Silver,550,2025-05-23,Standard,9302403540453,2024-10-07
753,Stephanie,davidlindsey@example.com,Silver,3000,2025-02-07,Standard,7404324709287,2022-06-02
754,Amy,harold18@example.com,Gold,3136,2025-04-28,Standard,5379333955657,2023-11-07
755,John,slane@example.net,Bronze,4956,2025-05-19,Standard,3400620303950,2023-04-01
756,Alexander,lindseydavid@example.org,Silver,3685,2025-04-13,Standard,8914654386523,2022-02-27
757,Toni,collierandrew@example.net,Gold,3047,2025-05-01,Standard,9855984279150,2024-12-24
758,Allen,gordoncheryl@example.net,Platinum,629,2025-02-25,Standard,5731428991243,2024-01-07
759,Denise,umoore@example.org,Silver,4337,2025-02-16,Standard,5892620395402,2023-06-02
760,Lindsey,lisaallen@example.net,Gold,3260,2025-03-04,Standard,7356399817430,2024-06-14
761,Michael,brett72@example.com,Gold,2283,2025-03-28,Standard,3214548892867,2022-10-27
762,Stacy,pjohnson@example.com,Silver,929,2025-03-24,Standard,7700896875930,2022-12-06
763,Susan,averypenny@example.com,Bronze,1524,2025-04-16,Standard,9432448551428,2022-06-07
764,Lorraine,crosbylogan@example.org,Platinum,4241,2025-06-16,Standard,7862906932583,2022-07-26
765,Robert,tracymartin@example.org,Platinum,4601,2025-02-07,Standard,9669625056578,2021-10-12
766,Bridget,danielray@example.com,Bronze,2144,2025-02-11,Standard,2517720726707,2022-08-06
767,Mary,thomas61@example.org,Gold,3655,2025-04-26,Standard,0249545515380,2021-11-03
768,Brian,joeltaylor@example.net,Silver,2339,2025-05-10,Standard,6509314091797,2023-12-20
769,Kenneth,pedwards@example.com,Platinum,1639,2025-03-08,Standard,2389196768743,2024-08-23
770,Michelle,qmacdonald@example.com,Bronze,1111,2025-06-01,Standard,0404155738909,2021-05-10
771,Adam,parkerjoy@example.org,Bronze,3703,2025-05-01,Standard,4180885157473,2022-08-31
772,Brian,abbottwhitney@example.net,Silver,3646,2025-02-16,Standard,1642620154237,2021-03-10
773,Frank,bellrobin@example.net,Bronze,2618,2025-02-17,Standard,8193178986383,2022-08-20
774,Melissa,hayleymcintyre@example.net,Gold,531,2025-05-21,Standard,5520213532320,2024-02-29
775,Tiffany,christopher87@example.com,Gold,2457,2025-04-14,Standard,3209041429468,2021-08-15
776,Michael,james21@example.com,Silver,1426,2025-05-08,Standard,6123475718200,2024-05-03
777,Robin,srice@example.org,Gold,4167,2025-06-24,Standard,6695950765429,2024-05-23
778,Crystal,jaysteele@example.net,Silver,994,2025-03-06,Standard,2186487211432,2023-02-22
779,Jo,sbeltran@example.net,Silver,1137,2025-02-22,Standard,1279882664098,2023-06-16
780,Trevor,arthurking@example.org,Silver,4047,2025-04-03,Standard,5399384714817,2022-08-29
781,Pamela,padillatracy@example.com,Bronze,2956,2025-06-20,Standard,3558600659403,2022-07-04
782,Courtney,matthew50@example.net,Gold,3828,2025-04-12,Standard,2811071042721,2024-08-14
783,Kayla,hernandezlinda@example.net,Silver,706,2025-06-25,Standard,4763850600600,2024-11-11
784,Marilyn,ginaspencer@example.net,Bronze,2533,2025-04-30,Standard,1374920710370,2021-11-21
785,Nicholas,mariafrench@example.net,Platinum,3921,2025-06-06,Standard,9949112598121,2023-12-09
786,Sarah,rmiles@example.net,Platinum,3354,2025-05-27,Standard,4572836753944,2025-01-03
787,Jacqueline,tuckeredward@example.com,Bronze,1026,2025-02-28,Standard,6825447157865,2023-02-22
788,Daniel,njackson@example.org,Gold,607,2025-03-03,Standard,5809585861709,2022-02-05
789,Richard,johnstontimothy@example.com,Platinum,3816,2025-02-15,Standard,0933562077534,2021-10-26
790,Dawn,thorntoncatherine@example.net,Gold,1051,2025-04-11,Standard,3930960240816,2023-06-01
791,Travis,thomas57@example.com,Silver,1057,2025-02-25,Standard,5717880443376,2021-07-25
792,Michael,lawrencedavis@example.com,Platinum,4119,2025-03-21,Standard,2758349118033,2021-05-26
793,Tina,ngilmore@example.org,Bronze,1017,2025-04-24,Standard,0617490505674,2021-03-06
794,Charles,davidmartinez@example.org,Silver,2491,2025-04-05,Standard,3187195970996,2023-04-09
795,Joshua,bradyandrea@example.org,Silver,1326,2025-06-03,Standard,6509829131761,2025-05-04
796,Jamie,porterjennifer@example.net,Gold,1847,2025-06-03,Standard,9958347020099,2021-04-21
797,Denise,fgallagher@example.org,Gold,4250,2025-04-23,Standard,3506804043972,2022-08-12
798,Luis,arnoldjohn@example.net,Gold,646,2025-02-28,Standard,3988839167151,2021-05-14
799,Susan,bcunningham@example.com,Gold,1608,2025-06-12,Standard,0133291283665,2022-03-26
800,Casey,nicholaspierce@example.org,Gold,1025,2025-04-02,Standard,1862434864152,2022-05-03
801,Edwin,rachelwyatt@example.org,Gold,4370,2025-05-02,Standard,0358007915647,2023-05-02
802,Kristina,amyscott@example.com,Bronze,4117,2025-05-28,Standard,5092768017210,2021-06-05
803,Brian,craig77@example.org,Silver,4848,2025-04-09,Standard,1144480454318,2022-10-28
804,John,qcampbell@example.org,Silver,1402,2025-05-26,Standard,4886775677829,2022-12-27
805,Karen,luis92@example.net,Gold,4617,2025-02-25,Standard,9383752610010,2022-05-03
806,Tara,shawn61@example.org,Bronze,232,2025-06-29,Standard,9923730576741,2023-07-17
807,Dan,richardsjuan@example.com,Bronze,372,2025-02-12,Standard,8653571580804,2024-04-06
808,Cristina,gilbertjeff@example.com,Gold,1726,2025-06-22,Standard,4011062071860,2024-02-23
809,Ashley,roberthardy@example.org,Platinum,248,2025-02-13,Standard,2976577358307,2022-04-03
810,John,bethany00@example.net,Platinum,4469,2025-05-31,Standard,2125606023072,2021-10-16
811,Randall,rthompson@example.com,Gold,2474,2025-06-01,Standard,6735211986739,2024-05-23
812,Rebecca,johnwalker@example.net,Platinum,2006,2025-05-08,Standard,6306583745494,2023-11-11
813,Kristen,nathanmurphy@example.org,Platinum,2436,2025-03-12,Standard,4599298515791,2023-05-04
814,James,dianeoconnor@example.org,Platinum,597,2025-04-01,Standard,2599294086410,2022-11-19
815,Jason,gordonmichelle@example.net,Bronze,1294,2025-05-30,Standard,8005033674062,2024-05-19
816,Kimberly,daniel94@example.com,Platinum,3404,2025-06-09,Standard,0901753009415,2022-09-07
817,Kathryn,zmitchell@example.net,Platinum,3804,2025-02-17,Standard,2022624726407,2021-07-30
818,Sarah,johnny63@example.com,Silver,2786,2025-05-14,Standard,0357428952706,2024-09-13
819,Theodore,blackburnmary@example.net,Silver,2560,2025-03-30,Standard,4591641443362,2021-09-02
820,Amanda,hernandezamanda@example.net,Gold,2829,2025-05-04,Standard,4472417865399,2022-06-07
821,Lynn,njames@example.org,Platinum,1071,2025-05-21,Standard,5840679482765,2022-10-17
822,Jeff,markrice@example.net,Gold,4218,2025-05-09,Standard,5676090230911,2024-09-21
823,James,jonessarah@example.com,Bronze,2614,2025-03-09,Standard,4629328049638,2024-03-31
824,Raymond,daniel22@example.net,Silver,3821,2025-03-06,Standard,1695838564205,2023-02-14
825,Jeffrey,jason29@example.org,Bronze,2191,2025-06-03,Standard,6671820849600,2024-08-02
826,Stacy,rebecca10@example.org,Platinum,2030,2025-06-08,Standard,4965516222919,2021-05-02
827,Tammy,deborahsalas@example.com,Silver,793,2025-06-09,Standard,4245430857040,2023-04-24
828,Jacob,kristi46@example.org,Bronze,2377,2025-03-17,Standard,1407439237801,2023-09-04
829,Tabitha,mrivera@example.net,Platinum,3425,2025-05-13,Standard,2082916385167,2021-02-14
830,Victoria,leonsheila@example.net,Silver,1308,2025-02-26,Standard,5961334802205,2024-05-03
831,John,marydelacruz@example.com,Gold,4732,2025-04-30,Standard,0002779177128,2021-11-12
832,Kimberly,elizabethwright@example.net,Gold,1555,2025-02-27,Standard,5387799015660,2024-10-28
833,Jacqueline,moorelinda@example.net,Silver,4081,2025-02-26,Standard,3129638576984,2025-02-12
834,Bryan,larry69@example.com,Platinum,4085,2025-03-31,Standard,9145150755411,2023-09-10
835,Elizabeth,jessicacline@example.org,Gold,4074,2025-06-06,Standard,2040096522930,2023-09-13
836,Jacqueline,hillleslie@example.com,Bronze,737,2025-05-31,Standard,6139447150023,2025-05-26
837,Martha,vferguson@example.com,Platinum,4140,2025-05-02,Standard,0643093715968,2025-03-29
838,Samantha,donna20@example.org,Platinum,1972,2025-05-08,Standard,2275256359498,2022-11-08
839,Courtney,kpugh@example.com,Silver,4778,2025-03-23,Standard,0008090384759,2023-11-04
840,Kelsey,fwhite@example.org,Gold,398,2025-05-04,Standard,0788508339587,2022-04-14
841,Tammy,brenda94@example.com,Bronze,2304,2025-03-25,Standard,9668814569779,2023-07-20
842,Kimberly,christopher77@example.net,Platinum,4894,2025-02-23,Standard,8553202584222,2024-04-09
843,Crystal,brandon26@example.net,Platinum,2340,2025-03-17,Standard,6792513935941,2024-04-01
844,Mike,lramirez@example.org,Bronze,880,2025-03-12,Standard,0094468165075,2023-08-24
845,Dana,utanner@example.net,Platinum,1097,2025-04-18,Standard,6294729310091,2024-08-24
846,Joshua,dustintrevino@example.net,Gold,2996,2025-03-07,Standard,6151188433617,2025-01-13
847,Daniel,joshua76@example.org,Platinum,2997,2025-06-16,Standard,8612753513057,2024-08-07
848,Colleen,lauren83@example.org,Bronze,3281,2025-06-07,Standard,9225913984361,2022-12-28
849,Derrick,kenneth84@example.net,Bronze,4671,2025-06-19,Standard,8400496624317,2023-10-08
850,Alyssa,smithmaria@example.org,Silver,2969,2025-05-26,Standard,0259034963240,2023-02-06
851,Kristen,kelsey88@example.com,Gold,602,2025-06-23,Standard,4667337832050,2021-09-05
852,Thomas,justinhaney@example.org,Platinum,4130,2025-06-02,Standard,2880819130248,2023-08-25
853,James,charlesnunez@example.org,Platinum,4504,2025-04-21,Standard,3433465844543,2023-06-15
854,Maria,jgarcia@example.com,Gold,973,2025-04-27,Standard,9052596801048,2024-12-11
855,Jesse,wilsonjeanette@example.com,Silver,792,2025-06-07,Standard,9466560933863,2022-04-26
856,Joann,gregory72@example.com,Platinum,3057,2025-02-04,Standard,6478905527497,2022-01-18
857,Stephanie,matthew84@example.net,Gold,4569,2025-03-21,Standard,0864234389321,2024-10-15
858,Nathan,carteredward@example.org,Gold,1181,2025-03-23,Standard,8829223386426,2021-02-20
859,Cheryl,onealalan@example.org,Silver,4935,2025-02-05,Standard,4008610740919,2023-09-16
860,Amy,davidstewart@example.org,Platinum,4096,2025-05-18,Standard,4600384617799,2023-03-16
861,Matthew,jeffreybrown@example.org,Bronze,371,2025-06-28,Standard,7028890559752,2024-09-04
862,Kevin,navarrosean@example.net,Bronze,1122,2025-02-19,Standard,5237351247423,2022-12-24
863,Karen,jbennett@example.org,Gold,3880,2025-04-22,Standard,5798481655469,2023-07-15
864,Meghan,sextondavid@example.org,Platinum,1220,2025-02-10,Standard,5795759307261,2023-09-13
865,Ashley,aaronmoore@example.com,Silver,2686,2025-04-23,Standard,1305123453028,2024-05-19
866,Megan,michael82@example.net,Gold,1331,2025-03-24,Standard,8790593686805,2021-12-10
867,Jon,evanskristina@example.net,Platinum,2451,2025-03-19,Standard,0705133268993,2024-04-08
868,William,msmith@example.com,Gold,4155,2025-05-30,Standard,0429526221928,2021-03-21
869,Brandon,zhodge@example.org,Platinum,4611,2025-05-18,Standard,2261344367731,2022-05-10
870,Maria,jesse79@example.org,Gold,3890,2025-04-10,Standard,7495582097039,2024-03-06
871,Rachel,curtis90@example.org,Bronze,3017,2025-05-17,Standard,5334114306924,2024-07-03
872,Diana,amy86@example.net,Gold,897,2025-02-13,Standard,6440208844913,2021-02-11
873,Tiffany,danielblankenship@example.net,Platinum,4781,2025-03-06,Standard,0049003406375,2023-07-18
874,Michael,barreramelissa@example.org,Gold,218,2025-06-26,Standard,1767326345236,2024-03-27
875,Holly,michelle55@example.net,Platinum,2175,2025-03-26,Standard,5282241519479,2023-09-03
876,Angela,orobinson@example.com,Silver,420,2025-04-27,Standard,3401564897402,2025-04-19
877,Jessica,tricia74@example.com,Platinum,1396,2025-02-28,Standard,2034339516962,2023-07-29
878,Mary,jjackson@example.com,Platinum,1210,2025-03-26,Standard,2662808686668,2021-10-06
879,John,kristinawilliams@example.org,Silver,258,2025-02-16,Standard,1097368693902,2024-05-09
880,Travis,wendysmith@example.org,Bronze,1562,2025-06-15,Standard,6434315841445,2024-12-27
881,Lisa,teresasmith@example.net,Bronze,3612,2025-06-20,Standard,0467049148776,2021-06-28
882,Robert,smithricky@example.net,Gold,3430,2025-06-21,Standard,9801625130498,2024-12-10
883,Laura,silvaveronica@example.org,Silver,3382,2025-05-23,Standard,7748667087685,2021-09-17
884,Tamara,fergusonmark@example.org,Silver,3361,2025-05-12,Standard,0096613571714,2023-11-16
885,Jennifer,rachelmills@example.com,Platinum,510,2025-06-10,Standard,2320890774183,2024-08-31
886,Courtney,bbowen@example.com,Silver,4249,2025-05-20,Standard,3518538886178,2024-03-17
887,Charles,harrisjason@example.net,Silver,4594,2025-04-28,Standard,9831018752023,2021-04-22
888,Elizabeth,xroberts@example.com,Gold,3918,2025-05-21,Standard,0468181864814,2022-11-05
889,Karen,lwall@example.org,Platinum,2570,2025-03-08,Standard,0194638551074,2025-01-02
890,William,haasjessica@example.org,Silver,3765,2025-05-18,Standard,0591238841223,2024-11-21
891,Joshua,tammy70@example.com,Gold,4475,2025-04-30,Standard,3917126422293,2024-01-30
892,Cory,richardsonmichael@example.net,Gold,2165,2025-02-05,Standard,7110139811766,2022-09-12
893,Dennis,whitney16@example.org,Platinum,1575,2025-03-02,Standard,9160869032811,2024-09-11
894,Edwin,keithbuckley@example.com,Silver,2285,2025-02-27,Standard,7668655265675,2024-05-14
895,Zachary,wigginsrobin@example.net,Gold,1842,2025-02-21,Standard,1256326319888,2024-06-27
896,Christy,nelsonandrew@example.com,Gold,2367,2025-05-08,Standard,4889188534566,2024-04-10
897,Patricia,ybutler@example.org,Silver,4005,2025-06-27,Standard,9137502614203,2024-12-25
898,Kathleen,kimberlyaguilar@example.org,Gold,3930,2025-03-12,Standard,2595118450384,2021-05-01
899,Laura,haydentracy@example.net,Gold,4591,2025-04-15,Standard,9977721771368,2025-01-09
900,Kenneth,brian75@example.net,Gold,2357,2025-05-06,Standard,1791011843476,2024-01-20
901,Kimberly,matthew08@example.com,Bronze,4697,2025-02-26,Standard,2314194353993,2025-02-18
902,Keith,ortizjoseph@example.org,Platinum,3232,2025-04-06,Standard,2544225457004,2023-02-02
903,Curtis,samueltorres@example.com,Gold,1199,2025-03-26,Standard,1633702543523,2024-11-29
904,Jessica,michaellang@example.com,Gold,344,2025-04-08,Standard,6944113071325,2024-10-01
905,Yesenia,tammy19@example.org,Gold,647,2025-06-01,Standard,6748374520867,2021-09-30
906,Matthew,quinnmarisa@example.net,Gold,3623,2025-05-03,Standard,8783540291630,2024-10-06
907,Heather,angela16@example.com,Gold,3924,2025-05-30,Standard,3967939199198,2021-04-08
908,Amber,danieljames@example.org,Silver,1655,2025-02-07,Standard,2783918074763,2023-05-24
909,Jeanette,hortonroberto@example.com,Gold,4604,2025-04-29,Standard,2960063265886,2022-06-11
910,Justin,richardskim@example.net,Gold,1124,2025-02-06,Standard,4532099304414,2023-08-03
911,Robert,beasleysteven@example.net,Bronze,4807,2025-03-26,Standard,2507465890344,2021-08-05
912,Stephanie,rosselizabeth@example.com,Silver,1986,2025-05-13,Standard,8838534204565,2023-07-08
913,Nicole,cassidyryan@example.org,Bronze,4350,2025-06-14,Standard,6425957641724,2021-11-05
914,Michael,manningrobin@example.net,Silver,1907,2025-06-02,Standard,4919832921099,2023-03-24
915,Cassandra,ecardenas@example.net,Bronze,820,2025-02-24,Standard,6940289863498,2023-07-10
916,Brenda,bmoss@example.net,Platinum,2705,2025-05-18,Standard,5710473120805,2021-11-07
917,Daniel,tara98@example.org,Platinum,823,2025-05-08,Standard,1628504693907,2022-08-19
918,William,shodges@example.org,Silver,42,2025-06-17,Standard,3760722719726,2023-09-13
919,Jack,danielallison@example.org,Silver,3333,2025-06-21,Standard,9342397899319,2022-07-25
920,Julia,kevinstevens@example.com,Platinum,3911,2025-05-01,Standard,8865234482249,2021-02-04
921,Sydney,kevin25@example.org,Silver,2353,2025-04-03,Standard,5169137586743,2023-09-22
922,Christopher,kellyjoseph@example.org,Gold,2338,2025-04-13,Standard,7221323862448,2023-01-21
923,Roberto,scottjohnson@example.net,Bronze,732,2025-06-20,Standard,4468586904869,2024-12-28
924,Maxwell,sgraham@example.com,Silver,4383,2025-03-02,Standard,3577299293485,2024-12-28
925,Christy,lgordon@example.com,Bronze,1434,2025-03-28,Standard,9964346175416,2024-06-24
926,Vanessa,sandramiller@example.com,Platinum,1440,2025-02-10,Standard,6912701092807,2022-08-07
927,Shannon,michelle53@example.net,Bronze,3252,2025-03-04,Standard,1857765808782,2024-07-19
928,Colton,derek08@example.net,Platinum,1526,2025-04-15,Standard,6703185594386,2023-01-20
929,Erin,qsummers@example.org,Gold,306,2025-03-29,Standard,8509054550478,2024-02-10
930,Stephen,owenssarah@example.net,Bronze,2444,2025-02-15,Standard,7008322444574,2022-09-30
931,Rodney,smithbryan@example.com,Bronze,2744,2025-06-04,Standard,5886229577012,2023-07-20
932,Gabrielle,jessica13@example.net,Gold,3722,2025-04-01,Standard,0452375265516,2023-04-17
933,Michelle,jeanjohnson@example.com,Platinum,1099,2025-02-21,Standard,5111513164758,2022-08-03
934,Douglas,jwebster@example.com,Platinum,2235,2025-06-02,Standard,7343557983932,2023-03-10
935,Craig,tiffany07@example.com,Silver,922,2025-03-23,Standard,2152728830975,2024-06-04
936,Timothy,davidpeterson@example.net,Gold,1331,2025-03-03,Standard,2140072960061,2023-02-14
937,Michael,williamsonanne@example.net,Platinum,2107,2025-05-24,Standard,7341278218702,2022-01-29
938,Cody,andrecobb@example.net,Silver,115,2025-03-14,Standard,6525418342362,2024-11-02
939,Jesse,daniel45@example.com,Gold,2416,2025-06-01,Standard,2286448645197,2024-03-06
940,Jacob,joshua60@example.com,Silver,1437,2025-03-25,Standard,8103753713502,2021-05-17
941,Alexis,corey16@example.com,Platinum,3503,2025-04-04,Standard,1422168256359,2024-05-18
942,Alyssa,jilldavis@example.org,Gold,710,2025-03-25,Standard,0808368935249,2021-06-14
943,Ana,debbie21@example.com,Platinum,781,2025-05-29,Standard,9021089754691,2022-01-29
944,Susan,gadams@example.net,Silver,1151,2025-02-23,Standard,7055851285702,2022-03-31
945,Shannon,lawrence46@example.com,Platinum,2650,2025-03-25,Standard,6495113408535,2023-11-12
946,Tonya,ygarrett@example.com,Silver,55,2025-02-13,Standard,7128764457008,2022-06-16
947,Jesus,gmccarthy@example.net,Gold,3142,2025-02-27,Standard,9830041197277,2023-11-10
948,Gloria,williamskatrina@example.org,Silver,3659,2025-05-07,Standard,9688270217167,2021-04-25
949,Jennifer,kimberlypena@example.com,Gold,2700,2025-06-28,Standard,0405388242024,2025-03-18
950,Gina,kenneth43@example.net,Gold,4771,2025-02-06,Standard,9425006601973,2024-07-14
951,Janet,jeffreywest@example.com,Bronze,2142,2025-04-22,Standard,3480698825072,2023-04-14
952,Daniel,gordonjoseph@example.net,Gold,1935,2025-04-23,Standard,4355152750187,2023-04-22
953,Brian,kathleensmith@example.org,Bronze,968,2025-02-10,Standard,2053399275739,2024-06-27
954,Eduardo,smithantonio@example.org,Platinum,2513,2025-05-11,Standard,8586050438541,2022-04-28
955,Barbara,dennis84@example.net,Silver,3321,2025-03-29,Standard,8813755004100,2021-07-17
956,Joseph,williamsjulian@example.com,Gold,961,2025-03-13,Standard,1434217417660,2022-04-21
957,Joanna,michaelsantana@example.com,Gold,3010,2025-04-11,Standard,1640894476861,2022-10-06
958,Jeffrey,lucas20@example.com,Silver,1795,2025-02-10,Standard,9846962276209,2021-04-21
959,Tim,amber63@example.org,Silver,3917,2025-06-05,Standard,2330868074266,2022-03-14
960,Laura,susanhood@example.org,Silver,3727,2025-06-26,Standard,2604721037314,2022-09-17
961,Paige,jasmine22@example.net,Gold,3406,2025-06-09,Standard,5911047776863,2024-02-09
962,Alexandra,christophergreen@example.net,Platinum,4403,2025-02-19,Standard,3371588817749,2022-09-12
963,Rachel,nathan28@example.org,Silver,2027,2025-02-26,Standard,4624788877556,2023-08-01
964,Douglas,nicole90@example.com,Bronze,4304,2025-02-17,Standard,5532536969503,2023-05-05
965,Joshua,chrissherman@example.com,Platinum,4326,2025-03-02,Standard,8462414055642,2021-06-03
966,Stephanie,orodriguez@example.org,Gold,639,2025-04-09,Standard,4121604369304,2023-05-12
967,Crystal,rachel89@example.com,Bronze,505,2025-04-20,Standard,6366978735347,2022-06-23
968,Kayla,cheyenne09@example.com,Silver,4691,2025-06-26,Standard,4357780034707,2024-01-22
969,Austin,travis46@example.net,Silver,1347,2025-02-19,Standard,4190299816498,2024-02-15
970,John,smithdavid@example.com,Gold,4262,2025-06-11,Standard,1188293736978,2021-04-19
971,Joshua,andersonchristopher@example.net,Platinum,952,2025-06-01,Standard,1536799456341,2021-11-10
972,Autumn,josephmayo@example.org,Silver,4777,2025-04-03,Standard,8305323151434,2022-04-06
973,Matthew,johnsongeorge@example.org,Platinum,744,2025-02-08,Standard,9424216163015,2024-10-16
974,Jessica,ericsawyer@example.org,Platinum,455,2025-05-24,Standard,2509810553889,2022-03-24
975,Rodney,beth54@example.net,Platinum,1080,2025-03-17,Standard,3161930119566,2023-09-06
976,Bruce,webbrachael@example.net,Platinum,3742,2025-02-06,Standard,5561817085840,2023-01-15
977,Brett,qbuchanan@example.org,Bronze,4577,2025-03-02,Standard,0029511794122,2024-05-07
978,Alexander,alicia60@example.net,Platinum,2524,2025-05-05,Standard,8961458424773,2021-09-04
979,Pamela,wilsonvirginia@example.org,Bronze,3243,2025-04-13,Standard,9689898333685,2023-10-04
980,Christina,williamjohnson@example.org,Gold,24,2025-02-11,Standard,9025821683675,2024-09-06
981,Jonathan,lwong@example.com,Silver,4737,2025-05-25,Standard,2532947075218,2024-12-29
982,Donna,campbellkari@example.net,Bronze,371,2025-06-14,Standard,9867429868924,2023-05-07
983,Kelly,ljackson@example.org,Platinum,2822,2025-06-22,Standard,7475695506421,2022-07-06
984,Brett,diaznatasha@example.org,Bronze,4433,2025-05-26,Standard,1838504336663,2023-10-30
985,Rita,jacobmiller@example.org,Bronze,565,2025-04-22,Standard,0382191406402,2023-08-18
986,Cynthia,jgill@example.net,Platinum,259,2025-06-28,Standard,8630250224561,2022-02-24
987,Charles,staceymorrison@example.net,Gold,3349,2025-03-06,Standard,7337125711130,2023-03-03
988,Paula,nicholas26@example.org,Silver,1109,2025-04-10,Standard,5052375182618,2023-06-03
989,Ryan,martinezbrittany@example.net,Platinum,3067,2025-04-15,Standard,2880624674252,2021-11-26
990,Joseph,cbrown@example.org,Platinum,3674,2025-02-24,Standard,1795765984185,2021-10-15
991,John,ihill@example.net,Platinum,3077,2025-02-20,Standard,3294462469770,2021-04-20
992,Samantha,ureid@example.org,Bronze,4417,2025-06-25,Standard,2607009590758,2024-02-02
993,Greg,asimmons@example.net,Silver,2848,2025-03-05,Standard,8979513432771,2023-06-25
994,Crystal,murphycandice@example.com,Bronze,1462,2025-03-23,Standard,7453855455963,2025-01-29
995,Amanda,natalie67@example.net,Platinum,4332,2025-02-24,Standard,6738484782272,2023-01-12
996,Michael,portiz@example.net,Silver,1824,2025-04-02,Standard,1386637764845,2023-01-11
997,Cheryl,wardkayla@example.com,Bronze,186,2025-05-01,Standard,4015712945530,2024-07-08
998,Jennifer,davidpatterson@example.org,Gold,3792,2025-03-10,Standard,9751168632372,2023-07-10
999,Cory,cbeck@example.com,Platinum,4357,2025-05-28,Standard,2962067896786,2022-09-17
1000,Brian,katiecastillo@example.com,Platinum,1881,2025-04-15,Standard,9031050806762,2024-12-07
