product_id,product_name,product_category,unit_price,current_stock_level
1,Upgradable Interactive Circuit,Electronics,51.38,119
2,Object-Based Uniform Productivity,Electronics,282.82,366
3,Re-Contextualized Client-Server Orchestration,Grocery,114.12,301
4,Business-Focused Interactive Open System,Home,405.67,3
5,Synchronized Homogeneous Portal,Apparel,350.58,174
6,Synergized Context-Sensitive Open Architecture,Home,81.96,490
7,Grass-Roots Foreground Paradigm,Home,55.59,194
8,Innovative 4Thgeneration Orchestration,Electronics,182.69,176
9,Synergized Real-Time Budgetary Management,Home,404.53,373
10,Enterprise-Wide Multi-State Help-Desk,Grocery,270.43,498
11,Exclusive Impactful Access,Grocery,44.01,150
12,Total Non-Volatile Hardware,Home,290.79,360
13,Triple-Buffered Hybrid Strategy,Electronics,27.68,116
14,Self-Enabling Zero Administration Infrastructure,Home,492.68,437
15,Profit-Focused Explicit Complexity,Apparel,433.91,194
16,Automated Zero Administration Hierarchy,Home,229.44,427
17,Reduced Background Pricing Structure,Home,85.51,181
18,Digitized Demand-Driven Firmware,Apparel,336.74,359
19,Polarized Non-Volatile Hub,Electronics,306.52,87
20,Diverse Exuding Definition,Apparel,85.88,194
21,Distributed Multimedia Database,Home,494.81,327
22,Universal Intangible Intranet,Apparel,343.88,431
23,Virtual Analyzing Neural-Net,Electronics,118.38,16
24,Object-Based Bifurcated Interface,Home,203.58,33
25,Realigned Encompassing Budgetary Management,Apparel,457.0,290
26,Universal Encompassing Throughput,Home,110.25,255
27,Realigned Background Frame,Grocery,442.92,329
28,Total Incremental Protocol,Grocery,75.72,71
29,Team-Oriented Zero-Defect Artificial Intelligence,Apparel,373.77,275
30,Synchronized Reciprocal Task-Force,Home,374.77,219
31,Organized Dynamic Intranet,Grocery,184.19,70
32,Total Explicit Circuit,Grocery,50.0,24
33,Visionary Fault-Tolerant Orchestration,Electronics,80.66,81
34,Secured Zero Administration Projection,Grocery,300.22,197
35,Networked Radical Secured Line,Grocery,299.96,239
36,Customer-Focused Mission-Critical Methodology,Home,485.68,440
37,Stand-Alone Bandwidth-Monitored Analyzer,Electronics,341.74,58
38,Versatile 24Hour Open System,Home,385.46,174
39,Realigned Zero Tolerance Focus Group,Electronics,150.28,80
40,Cloned Dedicated Groupware,Grocery,6.61,369
41,Face-To-Face Even-Keeled Interface,Home,486.08,390
42,Reactive Systematic Encoding,Apparel,256.3,54
43,Polarized Exuding Access,Home,421.63,259
44,Managed Bifurcated Product,Apparel,80.66,390
45,Robust Optimal Complexity,Apparel,271.99,398
46,Advanced Tertiary Contingency,Electronics,301.48,250
47,Up-Sized Homogeneous Matrices,Electronics,60.37,185
48,Balanced Stable Middleware,Home,123.53,123
49,Synergistic Modular Graphical User Interface,Electronics,47.4,248
50,Grass-Roots Modular Capacity,Electronics,489.1,272
